sample_id,image_name,farmer_or_batch_id,collection_date,market_or_village,weight_g,diameter_cm,height_cm,size
CF0001,CF0001.jpg,FARM_036,2024-02-02,Araku Valley Horticulture Hub (ASR District),974.3,14.4,14.4,Medium
CF0002,CF0002.jpg,FARM_027,2024-03-13,Kurnool APMC Market (C-Camp),471.9,12.4,9.4,Small
CF0003,CF0003.jpg,FARM_039,2024-03-13,Rayachoti Vegetable Market,870.0,13.5,15.1,Medium
CF0004,CF0004.jpg,FARM_039,2024-02-26,Amadalavalasa Vegetable Market,982.9,16.4,13.2,Medium
CF0005,CF0005.jpg,FARM_040,2024-03-16,Vijayawada Gollapudi APMC (NTR / Krishna),529.4,13.4,10.4,Small
CF0006,CF0006.jpg,FARM_015,2024-02-13,Kadapa APMC Mandi,490.6,12.0,9.4,Small
CF0007,CF0007.jpg,FARM_034,2024-01-20,Kadiri Vegetable Market,983.0,14.6,13.8,Medium
CF0008,CF0008.jpg,FARM_025,2024-03-04,Adoni Vegetable APMC,1119.7,14.3,17.0,Medium
CF0009,CF0009.jpg,FARM_029,2024-01-20,Amadalavalasa Vegetable Market,2138.0,21.3,18.6,Large
CF0010,CF0010.jpg,FARM_029,2024-03-05,Srikalahasti APMC Market,1035.0,15.6,14.9,Medium
CF0011,CF0011.jpg,FARM_020,2024-02-02,Vizianagaram APMC Market,992.4,14.4,14.2,Medium
CF0012,CF0012.jpg,FARM_038,2024-03-19,Amadalavalasa Vegetable Market,638.2,12.2,10.6,Small
CF0013,CF0013.jpg,FARM_028,2024-02-16,Bhimavaram APMC Market,1585.0,20.7,16.7,Large
CF0014,CF0014.jpg,FARM_020,2024-02-20,Tirupati RC Road Rythu Bazar,1068.1,17.4,13.8,Medium
CF0015,CF0015.jpg,FARM_037,2024-01-23,Jangareddygudem Market,1173.5,17.2,14.4,Medium
CF0016,CF0016.jpg,FARM_040,2024-01-20,Ongole APMC Market (Prakasam),1938.2,20.0,19.4,Large
CF0017,CF0017.jpg,FARM_004,2024-02-20,Chittoor Town APMC Market,926.1,15.4,13.9,Medium
CF0018,CF0018.jpg,FARM_040,2024-02-16,Rayachoti Vegetable Market,1048.9,15.6,15.1,Medium
CF0019,CF0019.jpg,FARM_007,2024-02-18,Tirupati RC Road Rythu Bazar,913.2,14.9,14.9,Medium
CF0020,CF0020.jpg,FARM_014,2024-03-07,Hindupur APMC Market,2039.5,20.2,18.2,Large
CF0021,CF0021.jpg,FARM_014,2024-03-04,Kadiri Vegetable Market,2159.9,23.1,17.7,Large
CF0022,CF0022.jpg,FARM_017,2024-01-31,Kakinada Main Rythu Bazar,600.9,11.1,11.3,Small
CF0023,CF0023.jpg,FARM_006,2024-03-06,Visakhapatnam MVP Rythu Bazar (Visakhapatnam),359.4,8.5,10.3,Small
CF0024,CF0024.jpg,FARM_011,2024-02-23,Rayachoti Vegetable Market,1701.9,19.8,17.8,Large
CF0025,CF0025.jpg,FARM_016,2024-03-07,Tadepalligudem Vegetable Market,866.9,16.0,12.0,Medium
CF0026,CF0026.jpg,FARM_012,2024-01-15,Dharmavaram Vegetable Market,588.7,13.4,10.5,Small
CF0027,CF0027.jpg,FARM_036,2024-02-24,Parvathipuram APMC Market,539.1,11.9,10.0,Small
CF0028,CF0028.jpg,FARM_005,2024-03-05,Paderu Agency Market,570.0,12.4,9.2,Small
CF0029,CF0029.jpg,FARM_011,2024-02-14,Bobbili Vegetable Market,1006.2,14.8,14.1,Medium
CF0030,CF0030.jpg,FARM_001,2024-01-17,Bhimavaram APMC Market,533.7,10.8,11.7,Small
CF0031,CF0031.jpg,FARM_027,2024-01-19,Chirala Vegetable Market,882.7,16.9,12.5,Medium
CF0032,CF0032.jpg,FARM_029,2024-03-01,Kadiri Vegetable Market,1739.2,23.3,17.0,Large
CF0033,CF0033.jpg,FARM_039,2024-02-25,Markapur Vegetable Mandi,1926.2,20.5,18.2,Large
CF0034,CF0034.jpg,FARM_031,2024-03-15,Jangareddygudem Market,1224.7,17.8,13.6,Medium
CF0035,CF0035.jpg,FARM_019,2024-01-30,Vijayawada Gollapudi APMC (NTR / Krishna),1758.4,19.0,19.0,Large
CF0036,CF0036.jpg,FARM_003,2024-01-13,Madanapalle Mandi (Annamayya / Chittoor),1832.4,21.4,18.3,Large
CF0037,CF0037.jpg,FARM_015,2024-01-28,Allagadda Rythu Bazar,519.7,11.8,10.8,Small
CF0038,CF0038.jpg,FARM_019,2024-03-06,Bobbili Vegetable Market,470.8,10.6,10.2,Small
CF0039,CF0039.jpg,FARM_019,2024-01-14,Ongole APMC Market (Prakasam),1025.2,17.0,12.9,Medium
CF0040,CF0040.jpg,FARM_030,2024-01-26,Guntur APMC Market (Guntur),1072.5,14.9,14.5,Medium
CF0041,CF0041.jpg,FARM_005,2024-01-18,Vijayawada Gollapudi APMC (NTR / Krishna),384.2,9.9,9.2,Small
CF0042,CF0042.jpg,FARM_015,2024-02-09,Nandyal APMC Market,2066.2,21.5,19.1,Large
CF0043,CF0043.jpg,FARM_017,2024-02-25,Hindupur APMC Market,916.6,14.0,14.0,Medium
CF0044,CF0044.jpg,FARM_038,2024-02-25,Guntur APMC Market (Guntur),2095.4,21.7,17.3,Large
CF0045,CF0045.jpg,FARM_013,2024-02-28,Srikalahasti APMC Market,1784.7,20.3,18.5,Large
CF0046,CF0046.jpg,FARM_028,2024-03-22,Tirupati RC Road Rythu Bazar,630.9,12.5,10.7,Small
CF0047,CF0047.jpg,FARM_008,2024-01-14,Piduguralla Vegetable Mandi,1102.4,16.3,13.0,Medium
CF0048,CF0048.jpg,FARM_035,2024-01-29,Srikalahasti APMC Market,1920.9,19.3,18.6,Large
CF0049,CF0049.jpg,FARM_015,2024-03-07,Tenali Vegetable Rythu Bazar,1176.0,17.3,13.3,Medium
CF0050,CF0050.jpg,FARM_010,2024-02-26,Tenali Vegetable Rythu Bazar,2400.0,26.0,19.2,Large
CF0051,CF0051.jpg,FARM_018,2024-02-26,Visakhapatnam MVP Rythu Bazar (Visakhapatnam),1350.0,19.3,15.5,Large
CF0052,CF0052.jpg,FARM_010,2024-03-06,Proddatur Vegetable Market,934.0,16.1,11.9,Medium
CF0053,CF0053.jpg,FARM_005,2024-01-19,Chittoor Town APMC Market,434.7,10.4,9.7,Small
CF0054,CF0054.jpg,FARM_004,2024-03-23,Srikakulam APMC Market Yard,1345.0,17.0,16.9,Medium
CF0055,CF0055.jpg,FARM_011,2024-01-27,Nellore Vegetable Market (SPSR Nellore),1019.5,16.0,14.5,Medium
CF0056,CF0056.jpg,FARM_020,2024-03-17,Bhimavaram APMC Market,1060.1,17.2,13.1,Medium
CF0057,CF0057.jpg,FARM_039,2024-02-25,Kurnool APMC Market (C-Camp),433.4,11.9,8.4,Small
CF0058,CF0058.jpg,FARM_037,2024-02-29,Piduguralla Vegetable Mandi,2144.5,22.4,18.0,Large
CF0059,CF0059.jpg,FARM_019,2024-02-19,Tirupati RC Road Rythu Bazar,949.6,15.0,12.5,Medium
CF0060,CF0060.jpg,FARM_029,2024-02-14,Tadepalligudem Vegetable Market,1076.9,17.1,14.0,Medium
CF0061,CF0061.jpg,FARM_008,2024-02-10,Vijayawada Swaraj Maidan Rythu Bazar,352.2,9.1,8.7,Small
CF0062,CF0062.jpg,FARM_030,2024-01-24,Araku Valley Horticulture Hub (ASR District),1260.7,16.2,14.1,Medium
CF0063,CF0063.jpg,FARM_020,2024-01-13,Gajuwaka Industrial Rythu Bazar,1064.5,15.7,14.1,Medium
CF0064,CF0064.jpg,FARM_026,2024-02-02,Narasaraopet APMC Market,1161.7,16.9,13.3,Medium
CF0065,CF0065.jpg,FARM_018,2024-03-13,Eluru APMC Market,2054.2,21.7,17.4,Large
CF0066,CF0066.jpg,FARM_033,2024-03-16,Dharmavaram Vegetable Market,459.7,10.8,10.9,Small
CF0067,CF0067.jpg,FARM_035,2024-02-28,Parvathipuram APMC Market,1819.3,20.1,17.0,Large
CF0068,CF0068.jpg,FARM_032,2024-03-21,Kuppam Horticulture Mandi,987.1,16.4,13.2,Medium
CF0069,CF0069.jpg,FARM_029,2024-01-25,Chittoor Town APMC Market,1620.1,19.0,15.9,Large
CF0070,CF0070.jpg,FARM_006,2024-02-12,Anakapalle APMC Yard,2084.7,20.7,19.5,Large
CF0071,CF0071.jpg,FARM_039,2024-02-12,Kadiri Vegetable Market,625.5,11.5,10.9,Small
CF0072,CF0072.jpg,FARM_003,2024-03-07,Vijayawada Swaraj Maidan Rythu Bazar,1073.1,15.6,13.7,Medium
CF0073,CF0073.jpg,FARM_028,2024-02-06,Tirupati RC Road Rythu Bazar,2150.0,23.9,18.9,Large
CF0074,CF0074.jpg,FARM_021,2024-02-15,Kadiri Vegetable Market,1093.2,14.3,14.9,Medium
CF0075,CF0075.jpg,FARM_039,2024-03-12,Srikalahasti APMC Market,516.1,10.7,10.0,Small
CF0076,CF0076.jpg,FARM_017,2024-02-04,Piduguralla Vegetable Mandi,1060.1,15.8,14.7,Medium
CF0077,CF0077.jpg,FARM_002,2024-01-25,Vijayawada Gollapudi APMC (NTR / Krishna),526.9,11.0,10.2,Small
CF0078,CF0078.jpg,FARM_006,2024-01-27,Nellore Vegetable Market (SPSR Nellore),639.5,11.8,11.2,Small
CF0079,CF0079.jpg,FARM_015,2024-01-19,Araku Valley Horticulture Hub (ASR District),1752.5,20.0,19.3,Large
CF0080,CF0080.jpg,FARM_037,2024-03-07,Narasaraopet APMC Market,1149.0,18.1,13.6,Medium
CF0081,CF0081.jpg,FARM_038,2024-02-01,Allagadda Rythu Bazar,640.2,13.0,10.8,Small
CF0082,CF0082.jpg,FARM_002,2024-03-06,Narasaraopet APMC Market,1186.2,16.6,13.6,Medium
CF0083,CF0083.jpg,FARM_018,2024-01-21,Tenali Vegetable Rythu Bazar,640.0,11.6,11.0,Small
CF0084,CF0084.jpg,FARM_037,2024-02-19,Hindupur APMC Market,2121.0,19.8,20.5,Large
CF0085,CF0085.jpg,FARM_003,2024-02-23,Anakapalle APMC Yard,1345.0,17.7,16.2,Medium
CF0086,CF0086.jpg,FARM_012,2024-01-18,Vijayawada Gollapudi APMC (NTR / Krishna),407.3,10.5,9.8,Small
CF0087,CF0087.jpg,FARM_031,2024-03-20,Bobbili Vegetable Market,934.3,13.5,14.4,Medium
CF0088,CF0088.jpg,FARM_034,2024-03-19,Vizianagaram APMC Market,2039.7,21.7,18.5,Large
CF0089,CF0089.jpg,FARM_029,2024-02-16,Paderu Agency Market,1788.4,20.9,17.1,Large
CF0090,CF0090.jpg,FARM_018,2024-02-17,Kuppam Horticulture Mandi,2040.5,23.0,17.9,Large
CF0091,CF0091.jpg,FARM_012,2024-01-30,Visakhapatnam MVP Rythu Bazar (Visakhapatnam),1112.6,15.8,13.9,Medium
CF0092,CF0092.jpg,FARM_038,2024-02-01,Araku Valley Horticulture Hub (ASR District),1542.9,21.1,17.1,Large
CF0093,CF0093.jpg,FARM_028,2024-02-25,Allagadda Rythu Bazar,1685.0,19.0,18.2,Large
CF0094,CF0094.jpg,FARM_032,2024-03-15,Bhimavaram APMC Market,694.2,13.0,10.2,Small
CF0095,CF0095.jpg,FARM_006,2024-02-07,Srikakulam APMC Market Yard,1176.6,16.2,15.4,Medium
CF0096,CF0096.jpg,FARM_031,2024-01-25,Kadapa APMC Mandi,641.6,12.7,11.5,Small
CF0097,CF0097.jpg,FARM_023,2024-02-04,Allagadda Rythu Bazar,467.4,9.4,11.4,Small
CF0098,CF0098.jpg,FARM_027,2024-01-27,Nellore Vegetable Market (SPSR Nellore),1158.5,17.0,13.4,Medium
CF0099,CF0099.jpg,FARM_022,2024-02-09,Piduguralla Vegetable Mandi,1842.8,21.0,18.5,Large
CF0100,CF0100.jpg,FARM_021,2024-03-13,Vijayawada Gollapudi APMC (NTR / Krishna),1022.1,16.0,15.3,Medium
CF0101,CF0101.jpg,FARM_007,2024-01-13,Araku Valley Horticulture Hub (ASR District),463.5,10.2,10.5,Small
CF0102,CF0102.jpg,FARM_011,2024-02-25,Bobbili Vegetable Market,969.0,17.3,13.5,Medium
CF0103,CF0103.jpg,FARM_022,2024-03-20,Tadepalligudem Vegetable Market,400.3,10.5,9.4,Small
CF0104,CF0104.jpg,FARM_027,2024-03-23,Kadiri Vegetable Market,419.5,10.3,10.1,Small
CF0105,CF0105.jpg,FARM_032,2024-02-26,Vizianagaram APMC Market,549.8,12.1,11.2,Small
CF0106,CF0106.jpg,FARM_019,2024-03-09,Gudivada Vegetable Market,1616.2,20.7,16.5,Large
CF0107,CF0107.jpg,FARM_026,2024-03-20,Palamaner Vegetable Mandi,1248.4,18.9,13.6,Medium
CF0108,CF0108.jpg,FARM_036,2024-01-26,Kadiri Vegetable Market,568.0,11.2,10.9,Small
CF0109,CF0109.jpg,FARM_003,2024-01-21,Chittoor Town APMC Market,884.4,14.6,14.1,Medium
CF0110,CF0110.jpg,FARM_030,2024-01-18,Gudivada Vegetable Market,494.1,11.7,9.8,Small
CF0111,CF0111.jpg,FARM_006,2024-02-18,Bapatla APMC Market,548.3,10.6,9.6,Small
CF0112,CF0112.jpg,FARM_021,2024-02-29,Vijayawada Gollapudi APMC (NTR / Krishna),1825.0,22.3,16.4,Large
CF0113,CF0113.jpg,FARM_017,2024-03-11,Kuppam Horticulture Mandi,1020.2,15.4,15.9,Medium
CF0114,CF0114.jpg,FARM_021,2024-03-17,Hindupur APMC Market,898.0,14.1,11.7,Medium
CF0115,CF0115.jpg,FARM_008,2024-03-02,Eluru APMC Market,895.1,15.5,13.7,Medium
CF0116,CF0116.jpg,FARM_026,2024-03-02,Parvathipuram APMC Market,474.7,10.9,9.2,Small
CF0117,CF0117.jpg,FARM_033,2024-03-23,Gudivada Vegetable Market,446.0,8.5,10.7,Small
CF0118,CF0118.jpg,FARM_001,2024-01-19,Hindupur APMC Market,1650.5,19.6,17.8,Large
CF0119,CF0119.jpg,FARM_035,2024-01-26,Paderu Agency Market,512.3,12.1,10.2,Small
CF0120,CF0120.jpg,FARM_030,2024-02-19,Rajahmundry APMC (East Godavari),1722.7,21.8,16.8,Large
CF0121,CF0121.jpg,FARM_027,2024-01-19,Bapatla APMC Market,1036.3,15.4,13.6,Medium
CF0122,CF0122.jpg,FARM_004,2024-03-07,Paderu Agency Market,432.8,9.5,12.5,Small
CF0123,CF0123.jpg,FARM_013,2024-03-09,Nellore Vegetable Market (SPSR Nellore),1129.4,15.2,14.9,Medium
CF0124,CF0124.jpg,FARM_034,2024-03-16,Nandyal APMC Market,1052.3,18.0,11.9,Medium
CF0125,CF0125.jpg,FARM_024,2024-02-23,Proddatur Vegetable Market,1729.4,21.3,17.6,Large
CF0126,CF0126.jpg,FARM_040,2024-01-26,Adoni Vegetable APMC,1102.2,15.8,13.9,Medium
CF0127,CF0127.jpg,FARM_032,2024-03-20,Kadapa APMC Mandi,527.1,11.1,9.7,Small
CF0128,CF0128.jpg,FARM_029,2024-03-25,Amadalavalasa Vegetable Market,1341.6,18.9,13.7,Medium
CF0129,CF0129.jpg,FARM_004,2024-02-02,Tadepalligudem Vegetable Market,768.9,15.1,11.3,Medium
CF0130,CF0130.jpg,FARM_014,2024-01-26,Bhimavaram APMC Market,621.4,13.4,9.8,Small
CF0131,CF0131.jpg,FARM_018,2024-03-05,Proddatur Vegetable Market,1827.4,19.7,17.9,Large
CF0132,CF0132.jpg,FARM_036,2024-03-14,Amadalavalasa Vegetable Market,651.5,12.9,10.5,Small
CF0133,CF0133.jpg,FARM_009,2024-01-17,Jangareddygudem Market,1782.9,20.3,18.0,Large
CF0134,CF0134.jpg,FARM_019,2024-01-25,Ongole APMC Market (Prakasam),600.9,10.5,11.5,Small
CF0135,CF0135.jpg,FARM_029,2024-03-16,Jangareddygudem Market,1079.3,17.8,13.5,Medium
CF0136,CF0136.jpg,FARM_032,2024-01-29,Bapatla APMC Market,1140.0,14.7,15.7,Medium
CF0137,CF0137.jpg,FARM_008,2024-02-17,Narasaraopet APMC Market,422.3,10.2,9.5,Small
CF0138,CF0138.jpg,FARM_002,2024-01-31,Kadiri Vegetable Market,1345.0,18.1,14.2,Medium
CF0139,CF0139.jpg,FARM_039,2024-01-30,Adoni Vegetable APMC,675.5,13.4,10.6,Small
CF0140,CF0140.jpg,FARM_016,2024-02-20,Kakinada Main Rythu Bazar,1107.1,16.7,12.4,Medium
CF0141,CF0141.jpg,FARM_011,2024-02-07,Rajahmundry APMC (East Godavari),1752.8,20.9,18.5,Large
CF0142,CF0142.jpg,FARM_020,2024-02-23,Tirupati RC Road Rythu Bazar,1049.6,17.5,13.3,Medium
CF0143,CF0143.jpg,FARM_036,2024-03-16,Palamaner Vegetable Mandi,1732.9,22.3,15.0,Large
CF0144,CF0144.jpg,FARM_001,2024-02-15,Kurnool APMC Market (C-Camp),794.3,14.2,12.2,Medium
CF0145,CF0145.jpg,FARM_036,2024-01-20,Nandyal APMC Market,435.2,11.5,8.7,Small
CF0146,CF0146.jpg,FARM_027,2024-02-11,Araku Valley Horticulture Hub (ASR District),1146.3,17.0,12.8,Medium
CF0147,CF0147.jpg,FARM_006,2024-02-04,Allagadda Rythu Bazar,591.4,10.5,9.8,Small
CF0148,CF0148.jpg,FARM_015,2024-03-20,Vizianagaram APMC Market,542.9,11.6,9.2,Small
CF0149,CF0149.jpg,FARM_008,2024-02-14,Ongole APMC Market (Prakasam),477.2,13.4,8.9,Small
CF0150,CF0150.jpg,FARM_030,2024-01-26,Visakhapatnam MVP Rythu Bazar (Visakhapatnam),934.9,18.1,11.5,Medium
CF0151,CF0151.jpg,FARM_008,2024-02-17,Kuppam Horticulture Mandi,523.9,11.8,9.7,Small
CF0152,CF0152.jpg,FARM_010,2024-03-18,Piduguralla Vegetable Mandi,879.6,14.9,13.6,Medium
CF0153,CF0153.jpg,FARM_032,2024-01-21,Piduguralla Vegetable Mandi,1016.8,15.9,14.0,Medium
CF0154,CF0154.jpg,FARM_019,2024-03-14,Visakhapatnam MVP Rythu Bazar (Visakhapatnam),422.3,10.1,10.1,Small
CF0155,CF0155.jpg,FARM_033,2024-01-31,Nellore Vegetable Market (SPSR Nellore),975.5,15.5,13.7,Medium
CF0156,CF0156.jpg,FARM_018,2024-03-25,Amalapuram APMC Yard,1906.9,21.7,19.6,Large
CF0157,CF0157.jpg,FARM_027,2024-03-24,Proddatur Vegetable Market,1099.8,13.7,16.1,Medium
CF0158,CF0158.jpg,FARM_031,2024-01-29,Tadepalligudem Vegetable Market,564.7,12.8,11.3,Small
CF0159,CF0159.jpg,FARM_031,2024-01-31,Madanapalle Mandi (Annamayya / Chittoor),945.0,17.7,11.4,Medium
CF0160,CF0160.jpg,FARM_016,2024-02-22,Vizianagaram APMC Market,2072.7,20.9,18.8,Large
CF0161,CF0161.jpg,FARM_030,2024-03-22,Srikakulam APMC Market Yard,1254.6,18.9,14.8,Medium
CF0162,CF0162.jpg,FARM_036,2024-01-15,Kurnool APMC Market (C-Camp),1543.1,20.7,15.8,Large
CF0163,CF0163.jpg,FARM_010,2024-01-13,Vizianagaram APMC Market,489.5,9.5,10.6,Small
CF0164,CF0164.jpg,FARM_025,2024-01-20,Bhimavaram APMC Market,695.0,12.1,11.6,Small
CF0165,CF0165.jpg,FARM_013,2024-01-15,Vijayawada Gollapudi APMC (NTR / Krishna),516.2,11.3,10.8,Small
CF0166,CF0166.jpg,FARM_039,2024-03-23,Paderu Agency Market,519.4,11.5,9.7,Small
CF0167,CF0167.jpg,FARM_033,2024-02-12,Guntur APMC Market (Guntur),359.4,9.7,9.2,Small
CF0168,CF0168.jpg,FARM_009,2024-02-05,Kurnool APMC Market (C-Camp),1345.0,17.5,16.5,Medium
CF0169,CF0169.jpg,FARM_005,2024-03-23,Vijayawada Swaraj Maidan Rythu Bazar,991.8,16.9,12.2,Medium
CF0170,CF0170.jpg,FARM_018,2024-03-03,Ongole APMC Market (Prakasam),935.4,15.9,13.6,Medium
CF0171,CF0171.jpg,FARM_027,2024-01-13,Allagadda Rythu Bazar,1243.0,18.8,13.9,Medium
CF0172,CF0172.jpg,FARM_022,2024-03-13,Nellore Vegetable Market (SPSR Nellore),1697.9,20.2,16.1,Large
CF0173,CF0173.jpg,FARM_033,2024-03-19,Madanapalle Mandi (Annamayya / Chittoor),939.6,14.2,13.7,Medium
CF0174,CF0174.jpg,FARM_018,2024-02-16,Srikakulam APMC Market Yard,2306.6,21.9,19.2,Large
CF0175,CF0175.jpg,FARM_001,2024-02-17,Srikakulam APMC Market Yard,491.9,9.7,9.9,Small
CF0176,CF0176.jpg,FARM_019,2024-03-11,Proddatur Vegetable Market,513.7,11.7,10.8,Small
CF0177,CF0177.jpg,FARM_020,2024-02-10,Kakinada Main Rythu Bazar,1174.2,16.6,13.7,Medium
CF0178,CF0178.jpg,FARM_038,2024-03-01,Anantapur APMC Mandi,2028.1,22.0,16.9,Large
CF0179,CF0179.jpg,FARM_038,2024-02-17,Kakinada Main Rythu Bazar,430.7,9.8,10.5,Small
CF0180,CF0180.jpg,FARM_032,2024-03-08,Srikalahasti APMC Market,952.5,15.3,13.7,Medium
CF0181,CF0181.jpg,FARM_010,2024-01-19,Araku Valley Horticulture Hub (ASR District),1126.9,15.1,15.3,Medium
CF0182,CF0182.jpg,FARM_029,2024-01-17,Machilipatnam APMC Market,648.4,12.6,10.7,Small
CF0183,CF0183.jpg,FARM_035,2024-01-30,Araku Valley Horticulture Hub (ASR District),1970.6,22.8,16.6,Large
CF0184,CF0184.jpg,FARM_031,2024-03-06,Kakinada Main Rythu Bazar,1529.0,20.5,15.3,Large
CF0185,CF0185.jpg,FARM_023,2024-03-03,Visakhapatnam MVP Rythu Bazar (Visakhapatnam),407.7,11.1,9.2,Small
CF0186,CF0186.jpg,FARM_022,2024-03-11,Dharmavaram Vegetable Market,365.6,10.6,8.1,Small
CF0187,CF0187.jpg,FARM_036,2024-03-09,Nandyal APMC Market,505.7,11.3,9.2,Small
CF0188,CF0188.jpg,FARM_035,2024-02-05,Narasaraopet APMC Market,1299.5,16.9,15.4,Medium
CF0189,CF0189.jpg,FARM_025,2024-02-22,Allagadda Rythu Bazar,409.8,10.9,9.4,Small
CF0190,CF0190.jpg,FARM_030,2024-01-28,Bhimavaram APMC Market,554.1,12.9,9.6,Small
CF0191,CF0191.jpg,FARM_021,2024-02-19,Amalapuram APMC Yard,994.7,16.5,13.5,Medium
CF0192,CF0192.jpg,FARM_013,2024-02-19,Madanapalle Mandi (Annamayya / Chittoor),924.9,13.9,13.0,Medium
CF0193,CF0193.jpg,FARM_016,2024-02-23,Visakhapatnam MVP Rythu Bazar (Visakhapatnam),611.0,12.2,11.1,Small
CF0194,CF0194.jpg,FARM_037,2024-03-01,Gudivada Vegetable Market,1013.7,14.9,15.1,Medium
CF0195,CF0195.jpg,FARM_025,2024-01-26,Rajahmundry APMC (East Godavari),445.7,12.3,8.9,Small
CF0196,CF0196.jpg,FARM_015,2024-02-26,Rayachoti Vegetable Market,1255.1,17.7,15.4,Medium
CF0197,CF0197.jpg,FARM_027,2024-03-15,Kurnool APMC Market (C-Camp),1042.4,13.7,14.6,Medium
CF0198,CF0198.jpg,FARM_003,2024-03-21,Narasaraopet APMC Market,2216.9,22.7,18.0,Large
CF0199,CF0199.jpg,FARM_021,2024-01-23,Machilipatnam APMC Market,1345.0,17.4,15.8,Medium
CF0200,CF0200.jpg,FARM_031,2024-02-19,Kadapa APMC Mandi,1095.3,16.2,13.2,Medium
CF0201,CF0201.jpg,FARM_025,2024-02-09,Palamaner Vegetable Mandi,1719.7,20.7,17.5,Large
CF0202,CF0202.jpg,FARM_025,2024-03-09,Kadapa APMC Mandi,1076.3,16.1,14.9,Medium
CF0203,CF0203.jpg,FARM_010,2024-01-25,Eluru APMC Market,1811.6,21.4,17.0,Large
CF0204,CF0204.jpg,FARM_032,2024-02-13,Tirupati RC Road Rythu Bazar,1012.3,16.4,14.2,Medium
CF0205,CF0205.jpg,FARM_003,2024-03-07,Tirupati RC Road Rythu Bazar,1106.3,15.5,14.2,Medium
CF0206,CF0206.jpg,FARM_009,2024-02-10,Srikakulam APMC Market Yard,390.2,9.7,10.4,Small
CF0207,CF0207.jpg,FARM_033,2024-01-28,Rajahmundry APMC (East Godavari),414.6,11.3,8.0,Small
CF0208,CF0208.jpg,FARM_038,2024-01-22,Kuppam Horticulture Mandi,560.1,13.4,8.8,Small
CF0209,CF0209.jpg,FARM_022,2024-01-16,Bhimavaram APMC Market,1257.4,17.6,15.6,Medium
CF0210,CF0210.jpg,FARM_007,2024-02-16,Adoni Vegetable APMC,964.0,15.9,12.5,Medium
CF0211,CF0211.jpg,FARM_029,2024-02-28,Adoni Vegetable APMC,1709.6,22.3,17.2,Large
CF0212,CF0212.jpg,FARM_007,2024-03-03,Anakapalle APMC Yard,1942.3,23.2,18.2,Large
CF0213,CF0213.jpg,FARM_034,2024-02-10,Gudur Vegetable Market,2205.7,22.1,18.4,Large
CF0214,CF0214.jpg,FARM_030,2024-01-30,Tadepalligudem Vegetable Market,672.3,13.1,11.2,Small
CF0215,CF0215.jpg,FARM_001,2024-02-20,Allagadda Rythu Bazar,483.8,11.9,9.2,Small
CF0216,CF0216.jpg,FARM_010,2024-03-23,Proddatur Vegetable Market,411.9,9.8,8.4,Small
CF0217,CF0217.jpg,FARM_027,2024-02-19,Amalapuram APMC Yard,912.7,15.6,14.0,Medium
CF0218,CF0218.jpg,FARM_010,2024-02-03,Visakhapatnam MVP Rythu Bazar (Visakhapatnam),989.1,13.5,15.2,Medium
CF0219,CF0219.jpg,FARM_005,2024-01-30,Ongole APMC Market (Prakasam),1592.8,21.0,16.8,Large
CF0220,CF0220.jpg,FARM_031,2024-03-13,Hindupur APMC Market,965.2,14.4,14.6,Medium
CF0221,CF0221.jpg,FARM_017,2024-03-15,Bhimavaram APMC Market,897.8,14.8,14.0,Medium
CF0222,CF0222.jpg,FARM_022,2024-03-09,Srikakulam APMC Market Yard,1071.4,15.6,15.2,Medium
CF0223,CF0223.jpg,FARM_040,2024-03-13,Bobbili Vegetable Market,512.7,11.8,9.2,Small
CF0224,CF0224.jpg,FARM_026,2024-02-18,Dharmavaram Vegetable Market,1125.8,15.1,14.5,Medium
CF0225,CF0225.jpg,FARM_006,2024-03-13,Parvathipuram APMC Market,1320.7,16.2,15.1,Medium
CF0226,CF0226.jpg,FARM_022,2024-01-12,Machilipatnam APMC Market,878.3,15.0,13.6,Medium
CF0227,CF0227.jpg,FARM_035,2024-01-21,Bapatla APMC Market,467.9,10.3,9.5,Small
CF0228,CF0228.jpg,FARM_025,2024-02-29,Anakapalle APMC Yard,1300.8,18.9,12.9,Medium
CF0229,CF0229.jpg,FARM_021,2024-03-14,Paderu Agency Market,1792.9,19.3,18.2,Large
CF0230,CF0230.jpg,FARM_032,2024-03-08,Narasaraopet APMC Market,1782.0,19.0,18.7,Large
CF0231,CF0231.jpg,FARM_035,2024-02-09,Markapur Vegetable Mandi,1163.2,13.8,16.4,Medium
CF0232,CF0232.jpg,FARM_003,2024-02-06,Amalapuram APMC Yard,1591.5,20.9,15.4,Large
CF0233,CF0233.jpg,FARM_040,2024-03-24,Markapur Vegetable Mandi,1728.4,21.8,15.9,Large
CF0234,CF0234.jpg,FARM_005,2024-02-24,Kurnool APMC Market (C-Camp),1108.5,16.6,14.4,Medium
CF0235,CF0235.jpg,FARM_016,2024-01-16,Kadapa APMC Mandi,600.8,11.3,11.1,Small
CF0236,CF0236.jpg,FARM_019,2024-01-16,Kadiri Vegetable Market,413.7,9.4,10.4,Small
CF0237,CF0237.jpg,FARM_015,2024-02-15,Kuppam Horticulture Mandi,1004.0,17.6,13.2,Medium
CF0238,CF0238.jpg,FARM_006,2024-03-13,Guntur APMC Market (Guntur),469.2,12.1,7.9,Small
CF0239,CF0239.jpg,FARM_028,2024-03-10,Rayachoti Vegetable Market,1004.3,16.9,12.3,Medium
CF0240,CF0240.jpg,FARM_007,2024-02-15,Jangareddygudem Market,573.1,11.1,10.8,Small
CF0241,CF0241.jpg,FARM_007,2024-03-18,Tadepalligudem Vegetable Market,2195.0,21.5,19.2,Large
CF0242,CF0242.jpg,FARM_029,2024-01-11,Kadiri Vegetable Market,537.2,11.3,10.0,Small
CF0243,CF0243.jpg,FARM_011,2024-01-23,Jangareddygudem Market,504.1,11.3,9.0,Small
CF0244,CF0244.jpg,FARM_020,2024-03-05,Kadiri Vegetable Market,461.0,9.1,10.1,Small
CF0245,CF0245.jpg,FARM_002,2024-01-27,Madanapalle Mandi (Annamayya / Chittoor),1166.8,13.5,17.0,Medium
CF0246,CF0246.jpg,FARM_003,2024-02-12,Kuppam Horticulture Mandi,451.9,10.3,10.3,Small
CF0247,CF0247.jpg,FARM_021,2024-02-25,Parvathipuram APMC Market,1900.1,21.8,16.3,Large
CF0248,CF0248.jpg,FARM_004,2024-03-01,Araku Valley Horticulture Hub (ASR District),1210.3,16.5,15.2,Medium
CF0249,CF0249.jpg,FARM_019,2024-02-25,Palamaner Vegetable Mandi,588.2,11.7,10.4,Small
CF0250,CF0250.jpg,FARM_023,2024-01-15,Kadiri Vegetable Market,929.7,14.4,13.1,Medium
CF0251,CF0251.jpg,FARM_024,2024-03-01,Kuppam Horticulture Mandi,2132.7,22.5,17.2,Large
CF0252,CF0252.jpg,FARM_028,2024-01-16,Chittoor Town APMC Market,1648.6,21.7,15.3,Large
CF0253,CF0253.jpg,FARM_010,2024-03-22,Guntur APMC Market (Guntur),1964.3,22.1,18.3,Large
CF0254,CF0254.jpg,FARM_016,2024-03-21,Kuppam Horticulture Mandi,917.4,16.2,12.5,Medium
CF0255,CF0255.jpg,FARM_034,2024-02-03,Kakinada Main Rythu Bazar,932.2,13.8,13.6,Medium
CF0256,CF0256.jpg,FARM_027,2024-02-25,Kadapa APMC Mandi,964.8,17.4,11.3,Medium
CF0257,CF0257.jpg,FARM_037,2024-03-20,Vijayawada Gollapudi APMC (NTR / Krishna),916.6,15.4,14.0,Medium
CF0258,CF0258.jpg,FARM_012,2024-02-15,Anakapalle APMC Yard,1175.3,13.7,16.8,Medium
CF0259,CF0259.jpg,FARM_011,2024-01-19,Rajahmundry APMC (East Godavari),1964.4,20.6,18.0,Large
CF0260,CF0260.jpg,FARM_012,2024-02-28,Hindupur APMC Market,869.8,15.6,13.0,Medium
CF0261,CF0261.jpg,FARM_006,2024-03-14,Bhimavaram APMC Market,1675.0,19.0,18.0,Large
CF0262,CF0262.jpg,FARM_040,2024-03-07,Adoni Vegetable APMC,1158.2,17.3,13.8,Medium
CF0263,CF0263.jpg,FARM_025,2024-03-20,Srikakulam APMC Market Yard,513.5,13.4,10.2,Small
CF0264,CF0264.jpg,FARM_040,2024-02-14,Eluru APMC Market,2091.7,21.7,19.3,Large
CF0265,CF0265.jpg,FARM_016,2024-01-25,Eluru APMC Market,563.8,12.1,10.1,Small
CF0266,CF0266.jpg,FARM_032,2024-01-26,Gudur Vegetable Market,493.7,11.5,10.5,Small
CF0267,CF0267.jpg,FARM_038,2024-01-22,Kadapa APMC Mandi,1733.0,20.6,18.5,Large
CF0268,CF0268.jpg,FARM_010,2024-02-29,Gudur Vegetable Market,1949.5,22.3,19.9,Large
CF0269,CF0269.jpg,FARM_015,2024-02-26,Chirala Vegetable Market,1060.5,18.9,12.5,Medium
CF0270,CF0270.jpg,FARM_030,2024-02-22,Dharmavaram Vegetable Market,659.8,12.0,11.2,Small
CF0271,CF0271.jpg,FARM_017,2024-03-21,Srikalahasti APMC Market,472.3,13.3,8.3,Small
CF0272,CF0272.jpg,FARM_030,2024-02-25,Srikalahasti APMC Market,1345.0,18.3,15.2,Medium
CF0273,CF0273.jpg,FARM_017,2024-01-28,Anakapalle APMC Yard,506.2,11.9,9.5,Small
CF0274,CF0274.jpg,FARM_001,2024-02-04,Ongole APMC Market (Prakasam),416.6,11.3,8.9,Small
CF0275,CF0275.jpg,FARM_030,2024-03-15,Tenali Vegetable Rythu Bazar,515.9,10.6,10.0,Small
CF0276,CF0276.jpg,FARM_019,2024-03-01,Ongole APMC Market (Prakasam),1762.9,19.0,18.1,Large
CF0277,CF0277.jpg,FARM_035,2024-03-14,Chirala Vegetable Market,1334.6,17.0,16.3,Medium
CF0278,CF0278.jpg,FARM_011,2024-01-15,Nellore Vegetable Market (SPSR Nellore),992.2,15.9,12.8,Medium
CF0279,CF0279.jpg,FARM_005,2024-01-15,Srikakulam APMC Market Yard,597.8,13.4,9.7,Small
CF0280,CF0280.jpg,FARM_029,2024-01-14,Palamaner Vegetable Mandi,1596.1,21.9,16.8,Large
CF0281,CF0281.jpg,FARM_023,2024-01-27,Vizianagaram APMC Market,2218.3,21.1,18.5,Large
CF0282,CF0282.jpg,FARM_038,2024-02-21,Paderu Agency Market,561.0,12.0,9.5,Small
CF0283,CF0283.jpg,FARM_020,2024-03-10,Paderu Agency Market,1406.5,19.4,16.3,Large
CF0284,CF0284.jpg,FARM_028,2024-03-16,Srikalahasti APMC Market,1256.4,16.7,16.6,Medium
CF0285,CF0285.jpg,FARM_017,2024-03-08,Palamaner Vegetable Mandi,2003.5,21.4,17.5,Large
CF0286,CF0286.jpg,FARM_030,2024-01-29,Bapatla APMC Market,1079.9,15.9,14.7,Medium
CF0287,CF0287.jpg,FARM_020,2024-03-15,Srikakulam APMC Market Yard,456.1,10.1,9.6,Small
CF0288,CF0288.jpg,FARM_013,2024-01-27,Guntur APMC Market (Guntur),1118.5,16.0,13.7,Medium
CF0289,CF0289.jpg,FARM_025,2024-02-20,Srikalahasti APMC Market,2214.4,24.7,17.1,Large
CF0290,CF0290.jpg,FARM_031,2024-02-19,Kadapa APMC Mandi,779.6,14.2,13.6,Medium
CF0291,CF0291.jpg,FARM_007,2024-01-30,Dharmavaram Vegetable Market,543.6,12.1,10.1,Small
CF0292,CF0292.jpg,FARM_016,2024-02-29,Dharmavaram Vegetable Market,816.8,13.5,14.3,Medium
CF0293,CF0293.jpg,FARM_025,2024-02-17,Bhimavaram APMC Market,892.5,14.6,14.5,Medium
CF0294,CF0294.jpg,FARM_037,2024-03-25,Markapur Vegetable Mandi,502.9,13.3,9.4,Small
CF0295,CF0295.jpg,FARM_023,2024-02-22,Adoni Vegetable APMC,929.9,16.4,13.2,Medium
CF0296,CF0296.jpg,FARM_037,2024-03-14,Ongole APMC Market (Prakasam),1710.3,21.0,15.5,Large
CF0297,CF0297.jpg,FARM_019,2024-03-15,Anantapur APMC Mandi,948.9,14.5,13.7,Medium
CF0298,CF0298.jpg,FARM_019,2024-03-18,Vijayawada Gollapudi APMC (NTR / Krishna),1178.6,15.7,15.4,Medium
CF0299,CF0299.jpg,FARM_002,2024-03-12,Nellore Vegetable Market (SPSR Nellore),1758.1,21.0,17.3,Large
CF0300,CF0300.jpg,FARM_026,2024-03-22,Kadapa APMC Mandi,1001.4,16.5,12.8,Medium
CF0301,CF0301.jpg,FARM_018,2024-02-17,Kuppam Horticulture Mandi,898.1,14.3,14.0,Medium
CF0302,CF0302.jpg,FARM_001,2024-03-10,Markapur Vegetable Mandi,1090.0,18.4,13.0,Medium
CF0303,CF0303.jpg,FARM_037,2024-01-12,Tadepalligudem Vegetable Market,1813.6,22.7,16.0,Large
CF0304,CF0304.jpg,FARM_004,2024-02-26,Srikalahasti APMC Market,528.0,10.9,9.9,Small
CF0305,CF0305.jpg,FARM_039,2024-02-21,Palamaner Vegetable Mandi,1185.7,16.4,15.0,Medium
CF0306,CF0306.jpg,FARM_032,2024-01-24,Paderu Agency Market,552.7,10.6,10.1,Small
CF0307,CF0307.jpg,FARM_019,2024-03-03,Bhimavaram APMC Market,416.1,11.8,9.5,Small
CF0308,CF0308.jpg,FARM_015,2024-03-24,Madanapalle Mandi (Annamayya / Chittoor),999.7,14.6,14.8,Medium
CF0309,CF0309.jpg,FARM_039,2024-02-18,Tirupati RC Road Rythu Bazar,552.7,11.8,9.3,Small
CF0310,CF0310.jpg,FARM_023,2024-01-13,Kadapa APMC Mandi,782.2,14.9,12.5,Medium
CF0311,CF0311.jpg,FARM_015,2024-03-10,Allagadda Rythu Bazar,1210.1,16.9,15.5,Medium
CF0312,CF0312.jpg,FARM_013,2024-02-12,Chirala Vegetable Market,2377.6,22.4,19.4,Large
CF0313,CF0313.jpg,FARM_040,2024-03-24,Rajahmundry APMC (East Godavari),1629.5,19.7,18.0,Large
CF0314,CF0314.jpg,FARM_017,2024-03-23,Gudur Vegetable Market,887.9,13.5,14.7,Medium
CF0315,CF0315.jpg,FARM_009,2024-02-08,Hindupur APMC Market,563.1,11.8,9.8,Small
CF0316,CF0316.jpg,FARM_007,2024-01-16,Bapatla APMC Market,1785.6,20.1,18.6,Large
CF0317,CF0317.jpg,FARM_003,2024-03-24,Palamaner Vegetable Mandi,2123.9,22.3,18.5,Large
CF0318,CF0318.jpg,FARM_020,2024-03-11,Allagadda Rythu Bazar,1722.5,19.1,17.4,Large
CF0319,CF0319.jpg,FARM_029,2024-01-31,Piduguralla Vegetable Mandi,1762.9,21.0,15.6,Large
CF0320,CF0320.jpg,FARM_003,2024-03-17,Madanapalle Mandi (Annamayya / Chittoor),1029.3,18.4,11.7,Medium
CF0321,CF0321.jpg,FARM_038,2024-02-27,Piduguralla Vegetable Mandi,1229.8,16.5,15.1,Medium
CF0322,CF0322.jpg,FARM_024,2024-01-28,Proddatur Vegetable Market,511.3,10.0,10.8,Small
CF0323,CF0323.jpg,FARM_009,2024-02-10,Nellore Vegetable Market (SPSR Nellore),574.8,13.0,9.6,Small
CF0324,CF0324.jpg,FARM_006,2024-01-14,Vijayawada Swaraj Maidan Rythu Bazar,1058.6,16.6,13.4,Medium
CF0325,CF0325.jpg,FARM_019,2024-03-23,Ongole APMC Market (Prakasam),805.7,14.0,12.7,Medium
CF0326,CF0326.jpg,FARM_021,2024-01-24,Bobbili Vegetable Market,1612.2,20.4,16.4,Large
CF0327,CF0327.jpg,FARM_027,2024-02-03,Srikakulam APMC Market Yard,1697.6,19.0,19.4,Large
CF0328,CF0328.jpg,FARM_012,2024-01-12,Tadepalligudem Vegetable Market,1947.8,22.9,17.7,Large
CF0329,CF0329.jpg,FARM_013,2024-03-06,Anakapalle APMC Yard,1111.0,16.2,13.2,Medium
CF0330,CF0330.jpg,FARM_009,2024-02-19,Parvathipuram APMC Market,1220.2,17.7,13.3,Medium
CF0331,CF0331.jpg,FARM_035,2024-03-03,Rajahmundry APMC (East Godavari),1144.1,17.6,13.2,Medium
CF0332,CF0332.jpg,FARM_024,2024-01-29,Nandyal APMC Market,1092.5,18.1,13.5,Medium
CF0333,CF0333.jpg,FARM_034,2024-03-02,Dharmavaram Vegetable Market,462.1,12.1,8.6,Small
CF0334,CF0334.jpg,FARM_033,2024-02-05,Vijayawada Swaraj Maidan Rythu Bazar,1177.9,18.6,13.6,Medium
CF0335,CF0335.jpg,FARM_018,2024-03-02,Hindupur APMC Market,1696.6,22.8,15.0,Large
CF0336,CF0336.jpg,FARM_011,2024-03-14,Palamaner Vegetable Mandi,945.1,14.4,13.4,Medium
CF0337,CF0337.jpg,FARM_017,2024-03-10,Jangareddygudem Market,1233.8,17.4,13.8,Medium
CF0338,CF0338.jpg,FARM_031,2024-01-17,Amadalavalasa Vegetable Market,829.4,15.3,12.7,Medium
CF0339,CF0339.jpg,FARM_019,2024-01-27,Bhimavaram APMC Market,891.3,13.5,13.8,Medium
CF0340,CF0340.jpg,FARM_022,2024-03-16,Palamaner Vegetable Mandi,1150.3,16.7,14.5,Medium
CF0341,CF0341.jpg,FARM_008,2024-02-05,Amadalavalasa Vegetable Market,1471.3,19.5,16.3,Large
CF0342,CF0342.jpg,FARM_030,2024-03-21,Gudivada Vegetable Market,598.4,11.9,9.7,Small
CF0343,CF0343.jpg,FARM_005,2024-02-20,Palamaner Vegetable Mandi,370.1,10.9,10.0,Small
CF0344,CF0344.jpg,FARM_010,2024-03-11,Palamaner Vegetable Mandi,1174.7,17.2,14.3,Medium
CF0345,CF0345.jpg,FARM_015,2024-03-17,Jangareddygudem Market,1675.4,20.8,16.7,Large
CF0346,CF0346.jpg,FARM_026,2024-02-27,Gudur Vegetable Market,505.0,10.0,8.7,Small
CF0347,CF0347.jpg,FARM_036,2024-02-19,Kakinada Main Rythu Bazar,848.7,14.9,13.6,Medium
CF0348,CF0348.jpg,FARM_024,2024-02-01,Amalapuram APMC Yard,1844.6,19.8,18.8,Large
CF0349,CF0349.jpg,FARM_006,2024-03-08,Allagadda Rythu Bazar,1838.6,20.6,17.7,Large
CF0350,CF0350.jpg,FARM_026,2024-03-18,Palamaner Vegetable Mandi,1033.0,16.1,12.5,Medium
CF0351,CF0351.jpg,FARM_001,2024-02-22,Kakinada Main Rythu Bazar,2017.3,20.3,20.1,Large
CF0352,CF0352.jpg,FARM_017,2024-03-19,Tirupati RC Road Rythu Bazar,682.9,13.4,11.4,Small
CF0353,CF0353.jpg,FARM_035,2024-02-24,Anantapur APMC Mandi,468.5,10.7,10.6,Small
CF0354,CF0354.jpg,FARM_008,2024-02-12,Kuppam Horticulture Mandi,1646.3,19.6,15.6,Large
CF0355,CF0355.jpg,FARM_030,2024-03-11,Visakhapatnam MVP Rythu Bazar (Visakhapatnam),1879.8,20.5,18.2,Large
CF0356,CF0356.jpg,FARM_024,2024-02-03,Kuppam Horticulture Mandi,988.2,15.9,12.8,Medium
CF0357,CF0357.jpg,FARM_017,2024-02-10,Vizianagaram APMC Market,2116.9,23.0,16.8,Large
CF0358,CF0358.jpg,FARM_038,2024-02-14,Kadapa APMC Mandi,1036.2,14.0,14.4,Medium
CF0359,CF0359.jpg,FARM_025,2024-03-21,Bapatla APMC Market,1935.5,22.1,17.3,Large
CF0360,CF0360.jpg,FARM_024,2024-02-17,Kurnool APMC Market (C-Camp),1951.8,19.7,18.6,Large
CF0361,CF0361.jpg,FARM_007,2024-02-07,Eluru APMC Market,473.5,10.8,9.5,Small
CF0362,CF0362.jpg,FARM_015,2024-02-17,Kadapa APMC Mandi,1114.4,16.6,13.1,Medium
CF0363,CF0363.jpg,FARM_031,2024-02-15,Jangareddygudem Market,1790.2,21.8,17.5,Large
CF0364,CF0364.jpg,FARM_002,2024-02-05,Visakhapatnam MVP Rythu Bazar (Visakhapatnam),1510.1,21.6,16.0,Large
CF0365,CF0365.jpg,FARM_040,2024-03-12,Chittoor Town APMC Market,1345.0,18.5,14.3,Medium
CF0366,CF0366.jpg,FARM_036,2024-02-19,Gajuwaka Industrial Rythu Bazar,528.3,11.1,10.3,Small
CF0367,CF0367.jpg,FARM_021,2024-03-11,Tirupati RC Road Rythu Bazar,821.1,15.6,11.7,Medium
CF0368,CF0368.jpg,FARM_040,2024-02-23,Chirala Vegetable Market,929.7,15.1,13.4,Medium
CF0369,CF0369.jpg,FARM_015,2024-03-21,Anakapalle APMC Yard,1005.9,15.2,13.5,Medium
CF0370,CF0370.jpg,FARM_005,2024-02-14,Jangareddygudem Market,1009.3,15.5,12.2,Medium
CF0371,CF0371.jpg,FARM_030,2024-02-15,Eluru APMC Market,936.0,16.1,14.2,Medium
CF0372,CF0372.jpg,FARM_020,2024-01-25,Amalapuram APMC Yard,1227.2,17.7,13.5,Medium
CF0373,CF0373.jpg,FARM_027,2024-03-23,Gudivada Vegetable Market,625.2,13.2,11.0,Small
CF0374,CF0374.jpg,FARM_008,2024-03-19,Proddatur Vegetable Market,541.7,10.7,11.0,Small
CF0375,CF0375.jpg,FARM_009,2024-02-27,Hindupur APMC Market,2111.3,22.1,18.4,Large
CF0376,CF0376.jpg,FARM_003,2024-02-29,Anakapalle APMC Yard,940.6,15.7,12.8,Medium
CF0377,CF0377.jpg,FARM_003,2024-02-23,Parvathipuram APMC Market,1111.2,16.2,15.3,Medium
CF0378,CF0378.jpg,FARM_020,2024-01-28,Gudivada Vegetable Market,1120.8,15.9,13.7,Medium
CF0379,CF0379.jpg,FARM_032,2024-02-16,Kadapa APMC Mandi,1132.7,16.3,14.4,Medium
CF0380,CF0380.jpg,FARM_008,2024-01-15,Proddatur Vegetable Market,1858.0,22.6,18.4,Large
CF0381,CF0381.jpg,FARM_007,2024-02-15,Bapatla APMC Market,919.8,14.7,14.1,Medium
CF0382,CF0382.jpg,FARM_016,2024-01-20,Adoni Vegetable APMC,884.5,15.6,12.1,Medium
CF0383,CF0383.jpg,FARM_035,2024-02-23,Anakapalle APMC Yard,1196.8,16.6,15.1,Medium
CF0384,CF0384.jpg,FARM_009,2024-03-06,Paderu Agency Market,1973.9,20.7,17.6,Large
CF0385,CF0385.jpg,FARM_025,2024-02-11,Machilipatnam APMC Market,1795.1,19.9,17.5,Large
CF0386,CF0386.jpg,FARM_030,2024-03-11,Nellore Vegetable Market (SPSR Nellore),606.2,11.8,10.3,Small
CF0387,CF0387.jpg,FARM_024,2024-02-06,Gudivada Vegetable Market,2212.3,22.0,21.0,Large
CF0388,CF0388.jpg,FARM_035,2024-02-04,Kuppam Horticulture Mandi,1750.4,19.0,18.7,Large
CF0389,CF0389.jpg,FARM_027,2024-03-18,Madanapalle Mandi (Annamayya / Chittoor),1345.0,17.7,16.1,Medium
CF0390,CF0390.jpg,FARM_038,2024-02-13,Nellore Vegetable Market (SPSR Nellore),361.1,9.6,9.7,Small
CF0391,CF0391.jpg,FARM_010,2024-03-21,Gajuwaka Industrial Rythu Bazar,2067.1,23.2,18.3,Large
CF0392,CF0392.jpg,FARM_027,2024-02-13,Eluru APMC Market,388.2,11.7,9.6,Small
CF0393,CF0393.jpg,FARM_007,2024-01-27,Srikalahasti APMC Market,326.1,11.2,7.9,Small
CF0394,CF0394.jpg,FARM_032,2024-01-23,Kuppam Horticulture Mandi,487.2,12.4,9.8,Small
CF0395,CF0395.jpg,FARM_040,2024-03-25,Bhimavaram APMC Market,493.9,12.8,9.4,Small
CF0396,CF0396.jpg,FARM_027,2024-02-09,Hindupur APMC Market,1764.9,21.2,16.5,Large
CF0397,CF0397.jpg,FARM_018,2024-02-10,Kakinada Main Rythu Bazar,498.1,11.6,7.8,Small
CF0398,CF0398.jpg,FARM_003,2024-01-16,Proddatur Vegetable Market,1678.4,20.9,17.0,Large
CF0399,CF0399.jpg,FARM_024,2024-03-17,Adoni Vegetable APMC,1095.2,17.2,13.8,Medium
CF0400,CF0400.jpg,FARM_014,2024-02-07,Tenali Vegetable Rythu Bazar,1997.9,22.3,17.7,Large
CF0401,CF0401.jpg,FARM_029,2024-02-08,Kuppam Horticulture Mandi,351.5,10.5,7.8,Small
CF0402,CF0402.jpg,FARM_029,2024-01-16,Kadapa APMC Mandi,1812.5,19.5,18.2,Large
CF0403,CF0403.jpg,FARM_016,2024-01-22,Narasaraopet APMC Market,913.6,17.6,11.9,Medium
CF0404,CF0404.jpg,FARM_024,2024-03-02,Vijayawada Swaraj Maidan Rythu Bazar,1049.8,16.3,14.5,Medium
CF0405,CF0405.jpg,FARM_007,2024-02-21,Allagadda Rythu Bazar,1584.3,21.1,16.5,Large
CF0406,CF0406.jpg,FARM_024,2024-03-10,Markapur Vegetable Mandi,1110.8,15.7,17.0,Medium
CF0407,CF0407.jpg,FARM_035,2024-01-22,Bhimavaram APMC Market,489.6,9.1,10.7,Small
CF0408,CF0408.jpg,FARM_023,2024-01-27,Parvathipuram APMC Market,1170.0,16.6,16.2,Medium
CF0409,CF0409.jpg,FARM_004,2024-01-10,Machilipatnam APMC Market,1237.2,15.6,15.7,Medium
CF0410,CF0410.jpg,FARM_026,2024-03-20,Gajuwaka Industrial Rythu Bazar,1587.2,21.4,15.1,Large
CF0411,CF0411.jpg,FARM_018,2024-01-30,Paderu Agency Market,1276.5,18.2,14.9,Medium
CF0412,CF0412.jpg,FARM_013,2024-03-02,Amalapuram APMC Yard,813.6,15.4,12.8,Medium
CF0413,CF0413.jpg,FARM_008,2024-03-10,Madanapalle Mandi (Annamayya / Chittoor),851.2,14.0,15.5,Medium
CF0414,CF0414.jpg,FARM_030,2024-03-11,Anakapalle APMC Yard,847.2,14.9,12.0,Medium
CF0415,CF0415.jpg,FARM_006,2024-02-04,Tadepalligudem Vegetable Market,1803.5,23.8,16.9,Large
CF0416,CF0416.jpg,FARM_014,2024-02-15,Machilipatnam APMC Market,961.2,16.0,13.9,Medium
CF0417,CF0417.jpg,FARM_039,2024-02-20,Anakapalle APMC Yard,386.2,10.2,9.6,Small
CF0418,CF0418.jpg,FARM_002,2024-02-15,Srikalahasti APMC Market,1297.6,18.2,13.9,Medium
CF0419,CF0419.jpg,FARM_004,2024-01-17,Adoni Vegetable APMC,710.7,13.8,12.2,Medium
CF0420,CF0420.jpg,FARM_022,2024-01-21,Proddatur Vegetable Market,1307.8,16.2,15.9,Medium
CF0421,CF0421.jpg,FARM_016,2024-03-23,Kurnool APMC Market (C-Camp),820.8,14.5,13.0,Medium
CF0422,CF0422.jpg,FARM_009,2024-02-08,Srikalahasti APMC Market,493.4,10.9,10.1,Small
CF0423,CF0423.jpg,FARM_037,2024-03-18,Amadalavalasa Vegetable Market,854.6,15.8,12.7,Medium
CF0424,CF0424.jpg,FARM_014,2024-01-14,Tadepalligudem Vegetable Market,1907.4,20.6,17.9,Large
CF0425,CF0425.jpg,FARM_005,2024-02-01,Nandyal APMC Market,935.1,15.4,12.5,Medium
CF0426,CF0426.jpg,FARM_036,2024-03-03,Vijayawada Gollapudi APMC (NTR / Krishna),539.6,9.7,10.3,Small
CF0427,CF0427.jpg,FARM_014,2024-02-01,Vijayawada Swaraj Maidan Rythu Bazar,566.8,11.1,10.3,Small
CF0428,CF0428.jpg,FARM_038,2024-01-14,Visakhapatnam MVP Rythu Bazar (Visakhapatnam),1863.3,20.4,17.3,Large
CF0429,CF0429.jpg,FARM_014,2024-02-29,Hindupur APMC Market,1107.3,16.4,15.3,Medium
CF0430,CF0430.jpg,FARM_015,2024-03-13,Parvathipuram APMC Market,1614.0,20.0,17.8,Large
CF0431,CF0431.jpg,FARM_022,2024-02-02,Guntur APMC Market (Guntur),1220.1,17.7,13.6,Medium
CF0432,CF0432.jpg,FARM_010,2024-02-16,Hindupur APMC Market,629.6,11.6,11.2,Small
CF0433,CF0433.jpg,FARM_039,2024-01-14,Vizianagaram APMC Market,580.3,11.3,11.0,Small
CF0434,CF0434.jpg,FARM_001,2024-01-11,Araku Valley Horticulture Hub (ASR District),655.8,11.7,12.0,Small
CF0435,CF0435.jpg,FARM_018,2024-02-17,Proddatur Vegetable Market,891.5,15.4,13.1,Medium
CF0436,CF0436.jpg,FARM_010,2024-03-22,Kakinada Main Rythu Bazar,502.4,12.5,9.5,Small
CF0437,CF0437.jpg,FARM_009,2024-01-23,Rajahmundry APMC (East Godavari),1116.6,16.7,14.9,Medium
CF0438,CF0438.jpg,FARM_035,2024-02-21,Proddatur Vegetable Market,1230.2,17.1,14.7,Medium
CF0439,CF0439.jpg,FARM_017,2024-02-15,Palamaner Vegetable Mandi,442.5,10.5,10.0,Small
CF0440,CF0440.jpg,FARM_012,2024-03-08,Tirupati RC Road Rythu Bazar,1140.7,15.8,14.1,Medium
CF0441,CF0441.jpg,FARM_008,2024-03-19,Araku Valley Horticulture Hub (ASR District),524.2,11.5,10.6,Small
CF0442,CF0442.jpg,FARM_002,2024-03-17,Ongole APMC Market (Prakasam),1539.6,19.8,17.3,Large
CF0443,CF0443.jpg,FARM_009,2024-03-13,Vijayawada Gollapudi APMC (NTR / Krishna),894.4,14.6,13.1,Medium
CF0444,CF0444.jpg,FARM_001,2024-01-27,Chittoor Town APMC Market,921.2,15.7,12.2,Medium
CF0445,CF0445.jpg,FARM_023,2024-03-14,Madanapalle Mandi (Annamayya / Chittoor),1674.2,19.0,19.1,Large
CF0446,CF0446.jpg,FARM_016,2024-03-09,Guntur APMC Market (Guntur),1059.1,16.3,13.2,Medium
CF0447,CF0447.jpg,FARM_038,2024-02-13,Adoni Vegetable APMC,668.3,12.5,10.6,Small
CF0448,CF0448.jpg,FARM_021,2024-02-03,Araku Valley Horticulture Hub (ASR District),587.1,13.4,9.3,Small
CF0449,CF0449.jpg,FARM_002,2024-01-24,Proddatur Vegetable Market,868.5,16.5,12.9,Medium
CF0450,CF0450.jpg,FARM_012,2024-02-21,Allagadda Rythu Bazar,515.0,12.8,9.4,Small
CF0451,CF0451.jpg,FARM_017,2024-01-30,Amadalavalasa Vegetable Market,919.9,14.8,15.4,Medium
CF0452,CF0452.jpg,FARM_004,2024-03-08,Markapur Vegetable Mandi,1963.2,19.8,18.8,Large
CF0453,CF0453.jpg,FARM_009,2024-02-11,Tadepalligudem Vegetable Market,1220.0,15.7,14.9,Medium
CF0454,CF0454.jpg,FARM_027,2024-02-02,Parvathipuram APMC Market,1125.4,15.2,15.9,Medium
CF0455,CF0455.jpg,FARM_034,2024-01-11,Ongole APMC Market (Prakasam),522.1,12.1,9.2,Small
CF0456,CF0456.jpg,FARM_008,2024-02-22,Tadepalligudem Vegetable Market,1108.4,16.3,14.2,Medium
CF0457,CF0457.jpg,FARM_005,2024-02-16,Madanapalle Mandi (Annamayya / Chittoor),491.3,12.0,9.9,Small
CF0458,CF0458.jpg,FARM_031,2024-03-22,Kurnool APMC Market (C-Camp),300.0,8.7,8.6,Small
CF0459,CF0459.jpg,FARM_029,2024-02-03,Kuppam Horticulture Mandi,2126.6,22.9,17.1,Large
CF0460,CF0460.jpg,FARM_024,2024-02-01,Bobbili Vegetable Market,978.7,14.4,13.7,Medium
CF0461,CF0461.jpg,FARM_033,2024-03-01,Nandyal APMC Market,943.3,15.0,13.5,Medium
CF0462,CF0462.jpg,FARM_038,2024-03-04,Bhimavaram APMC Market,1196.8,17.6,15.9,Medium
CF0463,CF0463.jpg,FARM_007,2024-03-15,Chittoor Town APMC Market,1383.1,19.7,15.7,Large
CF0464,CF0464.jpg,FARM_029,2024-02-20,Narasaraopet APMC Market,317.9,10.3,8.5,Small
CF0465,CF0465.jpg,FARM_033,2024-01-21,Jangareddygudem Market,437.4,11.2,7.4,Small
CF0466,CF0466.jpg,FARM_015,2024-03-01,Tadepalligudem Vegetable Market,587.1,12.4,10.5,Small
CF0467,CF0467.jpg,FARM_040,2024-01-22,Nandyal APMC Market,1159.8,17.5,13.1,Medium
CF0468,CF0468.jpg,FARM_003,2024-02-02,Ongole APMC Market (Prakasam),486.5,11.5,9.8,Small
CF0469,CF0469.jpg,FARM_034,2024-01-27,Adoni Vegetable APMC,496.4,12.7,9.3,Small
CF0470,CF0470.jpg,FARM_020,2024-03-11,Chittoor Town APMC Market,490.2,9.7,11.0,Small
CF0471,CF0471.jpg,FARM_030,2024-02-20,Machilipatnam APMC Market,1889.0,22.0,18.4,Large
CF0472,CF0472.jpg,FARM_002,2024-02-10,Narasaraopet APMC Market,414.0,10.5,9.3,Small
CF0473,CF0473.jpg,FARM_004,2024-01-10,Chittoor Town APMC Market,1084.1,15.0,14.0,Medium
CF0474,CF0474.jpg,FARM_031,2024-02-12,Tenali Vegetable Rythu Bazar,1663.8,21.3,17.2,Large
CF0475,CF0475.jpg,FARM_026,2024-02-28,Hindupur APMC Market,478.7,11.9,9.0,Small
CF0476,CF0476.jpg,FARM_028,2024-02-09,Vizianagaram APMC Market,1833.1,21.4,15.8,Large
CF0477,CF0477.jpg,FARM_007,2024-03-07,Kadapa APMC Mandi,546.8,12.3,9.8,Small
CF0478,CF0478.jpg,FARM_032,2024-02-13,Anakapalle APMC Yard,1034.5,15.9,12.7,Medium
CF0479,CF0479.jpg,FARM_029,2024-02-21,Srikalahasti APMC Market,928.3,16.0,12.0,Medium
CF0480,CF0480.jpg,FARM_005,2024-02-17,Tenali Vegetable Rythu Bazar,1915.5,20.5,20.3,Large
CF0481,CF0481.jpg,FARM_006,2024-03-24,Tadepalligudem Vegetable Market,405.7,11.3,8.8,Small
CF0482,CF0482.jpg,FARM_021,2024-03-23,Chirala Vegetable Market,1825.9,21.9,17.6,Large
CF0483,CF0483.jpg,FARM_039,2024-01-11,Gajuwaka Industrial Rythu Bazar,1046.3,15.0,14.2,Medium
CF0484,CF0484.jpg,FARM_010,2024-02-12,Amadalavalasa Vegetable Market,1821.9,21.0,17.4,Large
CF0485,CF0485.jpg,FARM_005,2024-02-25,Nandyal APMC Market,659.9,13.2,11.2,Small
CF0486,CF0486.jpg,FARM_009,2024-02-09,Kadapa APMC Mandi,1064.8,16.5,14.7,Medium
CF0487,CF0487.jpg,FARM_018,2024-01-17,Allagadda Rythu Bazar,940.5,15.0,12.7,Medium
CF0488,CF0488.jpg,FARM_040,2024-01-25,Anantapur APMC Mandi,1094.5,16.4,14.0,Medium
CF0489,CF0489.jpg,FARM_038,2024-03-09,Chirala Vegetable Market,418.6,10.6,8.4,Small
CF0490,CF0490.jpg,FARM_036,2024-02-18,Rayachoti Vegetable Market,1317.9,17.8,14.3,Medium
CF0491,CF0491.jpg,FARM_021,2024-01-30,Anantapur APMC Mandi,959.2,17.7,13.3,Medium
CF0492,CF0492.jpg,FARM_025,2024-03-01,Amadalavalasa Vegetable Market,1126.3,17.2,13.1,Medium
CF0493,CF0493.jpg,FARM_039,2024-03-14,Guntur APMC Market (Guntur),379.6,9.7,10.0,Small
CF0494,CF0494.jpg,FARM_034,2024-02-18,Chirala Vegetable Market,1837.0,22.0,15.5,Large
CF0495,CF0495.jpg,FARM_019,2024-01-25,Anakapalle APMC Yard,1015.9,14.9,15.1,Medium
CF0496,CF0496.jpg,FARM_030,2024-02-16,Amadalavalasa Vegetable Market,1553.0,22.4,17.0,Large
CF0497,CF0497.jpg,FARM_033,2024-02-26,Kadapa APMC Mandi,866.3,15.2,12.8,Medium
CF0498,CF0498.jpg,FARM_039,2024-02-07,Vijayawada Gollapudi APMC (NTR / Krishna),1916.0,21.3,16.9,Large
CF0499,CF0499.jpg,FARM_028,2024-02-07,Allagadda Rythu Bazar,1785.5,19.6,18.0,Large
CF0500,CF0500.jpg,FARM_007,2024-01-27,Bobbili Vegetable Market,917.6,16.4,14.8,Medium
CF0501,CF0501.jpg,FARM_008,2024-03-11,Srikalahasti APMC Market,1567.0,19.9,16.2,Large
CF0502,CF0502.jpg,FARM_036,2024-01-29,Piduguralla Vegetable Mandi,939.4,14.4,13.7,Medium
CF0503,CF0503.jpg,FARM_014,2024-03-08,Chittoor Town APMC Market,1143.1,17.2,14.7,Medium
CF0504,CF0504.jpg,FARM_028,2024-02-26,Gudur Vegetable Market,1945.8,20.6,19.4,Large
CF0505,CF0505.jpg,FARM_029,2024-03-03,Kadiri Vegetable Market,593.3,13.4,10.4,Small
CF0506,CF0506.jpg,FARM_015,2024-03-20,Dharmavaram Vegetable Market,1892.4,23.1,15.4,Large
CF0507,CF0507.jpg,FARM_027,2024-03-10,Nellore Vegetable Market (SPSR Nellore),1734.1,21.0,16.3,Large
CF0508,CF0508.jpg,FARM_022,2024-03-18,Tenali Vegetable Rythu Bazar,1979.8,20.7,18.9,Large
CF0509,CF0509.jpg,FARM_030,2024-02-06,Machilipatnam APMC Market,2310.4,22.6,18.7,Large
CF0510,CF0510.jpg,FARM_026,2024-02-10,Kadiri Vegetable Market,431.1,10.8,8.7,Small
CF0511,CF0511.jpg,FARM_027,2024-01-20,Kadiri Vegetable Market,2120.5,22.6,18.7,Large
CF0512,CF0512.jpg,FARM_007,2024-03-17,Rayachoti Vegetable Market,1185.1,16.9,14.5,Medium
CF0513,CF0513.jpg,FARM_021,2024-03-07,Anakapalle APMC Yard,1062.6,15.9,14.5,Medium
CF0514,CF0514.jpg,FARM_028,2024-03-17,Dharmavaram Vegetable Market,1345.0,16.8,16.2,Medium
CF0515,CF0515.jpg,FARM_021,2024-02-25,Bapatla APMC Market,577.1,11.8,11.4,Small
CF0516,CF0516.jpg,FARM_017,2024-01-19,Guntur APMC Market (Guntur),1108.7,14.8,14.5,Medium
CF0517,CF0517.jpg,FARM_024,2024-03-22,Vijayawada Gollapudi APMC (NTR / Krishna),695.0,12.8,11.9,Small
CF0518,CF0518.jpg,FARM_010,2024-01-24,Kuppam Horticulture Mandi,894.5,16.2,12.8,Medium
CF0519,CF0519.jpg,FARM_031,2024-01-17,Vijayawada Gollapudi APMC (NTR / Krishna),1035.4,17.7,13.0,Medium
CF0520,CF0520.jpg,FARM_005,2024-03-20,Tenali Vegetable Rythu Bazar,832.4,13.6,13.5,Medium
CF0521,CF0521.jpg,FARM_006,2024-03-14,Paderu Agency Market,2214.8,23.1,19.0,Large
CF0522,CF0522.jpg,FARM_006,2024-02-04,Kakinada Main Rythu Bazar,1496.6,19.0,17.1,Large
CF0523,CF0523.jpg,FARM_006,2024-03-23,Bapatla APMC Market,1017.6,14.1,14.1,Medium
CF0524,CF0524.jpg,FARM_028,2024-03-18,Vizianagaram APMC Market,958.8,14.7,13.2,Medium
CF0525,CF0525.jpg,FARM_007,2024-01-29,Bhimavaram APMC Market,873.4,14.8,13.2,Medium
CF0526,CF0526.jpg,FARM_024,2024-01-31,Guntur APMC Market (Guntur),898.3,14.6,14.1,Medium
CF0527,CF0527.jpg,FARM_009,2024-02-20,Rayachoti Vegetable Market,526.0,11.4,10.2,Small
CF0528,CF0528.jpg,FARM_036,2024-03-16,Kurnool APMC Market (C-Camp),1345.0,17.9,15.4,Medium
CF0529,CF0529.jpg,FARM_004,2024-03-06,Proddatur Vegetable Market,1069.3,16.9,12.2,Medium
CF0530,CF0530.jpg,FARM_038,2024-01-24,Anantapur APMC Mandi,673.4,11.9,11.7,Small
CF0531,CF0531.jpg,FARM_036,2024-02-05,Jangareddygudem Market,1008.0,16.1,13.7,Medium
CF0532,CF0532.jpg,FARM_036,2024-03-24,Proddatur Vegetable Market,1064.8,15.9,13.5,Medium
CF0533,CF0533.jpg,FARM_022,2024-03-12,Chittoor Town APMC Market,1772.2,19.7,17.3,Large
CF0534,CF0534.jpg,FARM_008,2024-01-21,Srikalahasti APMC Market,571.6,12.5,11.7,Small
CF0535,CF0535.jpg,FARM_027,2024-03-15,Visakhapatnam MVP Rythu Bazar (Visakhapatnam),1230.5,18.2,15.5,Medium
CF0536,CF0536.jpg,FARM_023,2024-03-07,Ongole APMC Market (Prakasam),509.6,11.8,10.4,Small
CF0537,CF0537.jpg,FARM_028,2024-01-17,Tenali Vegetable Rythu Bazar,411.6,10.7,9.1,Small
CF0538,CF0538.jpg,FARM_004,2024-03-08,Srikakulam APMC Market Yard,1065.9,15.0,15.9,Medium
CF0539,CF0539.jpg,FARM_019,2024-01-26,Gudivada Vegetable Market,2078.7,21.6,18.1,Large
CF0540,CF0540.jpg,FARM_039,2024-03-15,Ongole APMC Market (Prakasam),690.2,12.4,11.4,Small
CF0541,CF0541.jpg,FARM_020,2024-03-03,Visakhapatnam MVP Rythu Bazar (Visakhapatnam),1117.6,15.7,13.3,Medium
CF0542,CF0542.jpg,FARM_023,2024-03-08,Kakinada Main Rythu Bazar,667.2,13.4,10.8,Small
CF0543,CF0543.jpg,FARM_007,2024-03-22,Kurnool APMC Market (C-Camp),1829.7,24.2,16.5,Large
CF0544,CF0544.jpg,FARM_037,2024-01-17,Piduguralla Vegetable Mandi,1153.8,18.4,14.6,Medium
CF0545,CF0545.jpg,FARM_033,2024-03-21,Eluru APMC Market,1366.6,20.3,15.2,Large
CF0546,CF0546.jpg,FARM_014,2024-03-09,Dharmavaram Vegetable Market,407.4,9.2,10.8,Small
CF0547,CF0547.jpg,FARM_010,2024-02-18,Proddatur Vegetable Market,1774.9,23.6,16.2,Large
CF0548,CF0548.jpg,FARM_031,2024-01-12,Chittoor Town APMC Market,542.9,11.2,10.5,Small
CF0549,CF0549.jpg,FARM_015,2024-02-29,Parvathipuram APMC Market,1624.0,20.0,17.9,Large
CF0550,CF0550.jpg,FARM_007,2024-02-11,Ongole APMC Market (Prakasam),792.3,14.8,11.4,Medium
CF0551,CF0551.jpg,FARM_023,2024-01-10,Madanapalle Mandi (Annamayya / Chittoor),2024.8,20.0,18.8,Large
CF0552,CF0552.jpg,FARM_036,2024-02-06,Amalapuram APMC Yard,1240.0,16.5,14.8,Medium
CF0553,CF0553.jpg,FARM_024,2024-03-24,Bhimavaram APMC Market,466.4,12.8,7.9,Small
CF0554,CF0554.jpg,FARM_008,2024-01-19,Vizianagaram APMC Market,1103.6,15.6,14.2,Medium
CF0555,CF0555.jpg,FARM_018,2024-01-15,Srikakulam APMC Market Yard,1042.6,14.5,14.4,Medium
CF0556,CF0556.jpg,FARM_037,2024-03-04,Amadalavalasa Vegetable Market,489.4,10.4,10.1,Small
CF0557,CF0557.jpg,FARM_015,2024-02-23,Amadalavalasa Vegetable Market,500.7,11.2,10.4,Small
CF0558,CF0558.jpg,FARM_028,2024-01-18,Anakapalle APMC Yard,844.0,15.6,12.3,Medium
CF0559,CF0559.jpg,FARM_036,2024-03-19,Dharmavaram Vegetable Market,1067.6,15.0,13.2,Medium
CF0560,CF0560.jpg,FARM_040,2024-01-17,Narasaraopet APMC Market,1338.8,18.9,15.6,Medium
CF0561,CF0561.jpg,FARM_040,2024-01-18,Ongole APMC Market (Prakasam),929.8,16.0,12.4,Medium
CF0562,CF0562.jpg,FARM_036,2024-03-10,Kuppam Horticulture Mandi,1026.8,17.3,14.3,Medium
CF0563,CF0563.jpg,FARM_002,2024-01-14,Anakapalle APMC Yard,989.5,16.6,13.0,Medium
CF0564,CF0564.jpg,FARM_039,2024-02-15,Guntur APMC Market (Guntur),336.3,11.2,7.3,Small
CF0565,CF0565.jpg,FARM_018,2024-03-02,Gajuwaka Industrial Rythu Bazar,1817.9,20.9,16.5,Large
CF0566,CF0566.jpg,FARM_002,2024-02-02,Gudivada Vegetable Market,689.8,12.7,11.2,Small
CF0567,CF0567.jpg,FARM_012,2024-01-27,Anakapalle APMC Yard,1653.3,19.0,17.3,Large
CF0568,CF0568.jpg,FARM_018,2024-03-03,Kurnool APMC Market (C-Camp),1676.2,20.7,17.4,Large
CF0569,CF0569.jpg,FARM_020,2024-02-26,Srikakulam APMC Market Yard,1089.7,15.6,15.1,Medium
CF0570,CF0570.jpg,FARM_022,2024-02-27,Machilipatnam APMC Market,1212.7,16.3,13.6,Medium
CF0571,CF0571.jpg,FARM_023,2024-03-07,Kakinada Main Rythu Bazar,842.9,14.5,13.2,Medium
CF0572,CF0572.jpg,FARM_001,2024-02-27,Machilipatnam APMC Market,1214.9,15.7,16.1,Medium
CF0573,CF0573.jpg,FARM_012,2024-02-27,Anakapalle APMC Yard,1116.3,15.7,16.5,Medium
CF0574,CF0574.jpg,FARM_010,2024-01-20,Chirala Vegetable Market,1332.5,16.9,15.7,Medium
CF0575,CF0575.jpg,FARM_037,2024-03-19,Gudivada Vegetable Market,1829.6,19.3,17.6,Large
CF0576,CF0576.jpg,FARM_026,2024-01-27,Bapatla APMC Market,592.4,12.3,10.2,Small
CF0577,CF0577.jpg,FARM_005,2024-02-23,Bobbili Vegetable Market,2176.6,21.8,19.4,Large
CF0578,CF0578.jpg,FARM_010,2024-01-25,Vijayawada Swaraj Maidan Rythu Bazar,1127.5,17.3,13.9,Medium
CF0579,CF0579.jpg,FARM_002,2024-02-01,Tadepalligudem Vegetable Market,397.3,10.7,9.0,Small
CF0580,CF0580.jpg,FARM_006,2024-03-18,Adoni Vegetable APMC,1350.0,19.0,15.7,Large
CF0581,CF0581.jpg,FARM_034,2024-02-29,Dharmavaram Vegetable Market,1125.0,17.6,13.5,Medium
CF0582,CF0582.jpg,FARM_014,2024-03-17,Chirala Vegetable Market,1170.5,17.2,14.1,Medium
CF0583,CF0583.jpg,FARM_025,2024-01-26,Anakapalle APMC Yard,990.8,14.9,13.3,Medium
CF0584,CF0584.jpg,FARM_027,2024-02-07,Piduguralla Vegetable Mandi,536.4,9.9,11.0,Small
CF0585,CF0585.jpg,FARM_030,2024-01-10,Vizianagaram APMC Market,1874.9,19.6,19.4,Large
CF0586,CF0586.jpg,FARM_022,2024-01-12,Amadalavalasa Vegetable Market,448.7,9.6,8.8,Small
CF0587,CF0587.jpg,FARM_011,2024-02-17,Anantapur APMC Mandi,2087.6,22.0,17.1,Large
CF0588,CF0588.jpg,FARM_024,2024-03-09,Gajuwaka Industrial Rythu Bazar,456.9,11.9,9.3,Small
CF0589,CF0589.jpg,FARM_020,2024-03-19,Eluru APMC Market,1907.4,22.7,16.4,Large
CF0590,CF0590.jpg,FARM_021,2024-03-04,Machilipatnam APMC Market,554.9,11.2,11.2,Small
CF0591,CF0591.jpg,FARM_037,2024-03-18,Bapatla APMC Market,919.9,14.3,14.8,Medium
CF0592,CF0592.jpg,FARM_039,2024-02-27,Tadepalligudem Vegetable Market,2332.6,23.0,18.9,Large
CF0593,CF0593.jpg,FARM_006,2024-02-08,Madanapalle Mandi (Annamayya / Chittoor),2400.0,23.5,19.8,Large
CF0594,CF0594.jpg,FARM_004,2024-02-10,Machilipatnam APMC Market,1057.7,18.2,12.4,Medium
CF0595,CF0595.jpg,FARM_010,2024-03-08,Vijayawada Swaraj Maidan Rythu Bazar,1913.9,20.7,18.2,Large
CF0596,CF0596.jpg,FARM_011,2024-02-23,Hindupur APMC Market,1136.1,17.2,13.9,Medium
CF0597,CF0597.jpg,FARM_040,2024-01-29,Ongole APMC Market (Prakasam),1100.8,16.8,13.8,Medium
CF0598,CF0598.jpg,FARM_004,2024-02-14,Jangareddygudem Market,903.3,16.0,12.4,Medium
CF0599,CF0599.jpg,FARM_006,2024-02-03,Visakhapatnam MVP Rythu Bazar (Visakhapatnam),1099.5,14.3,14.4,Medium
CF0600,CF0600.jpg,FARM_018,2024-01-24,Paderu Agency Market,1980.4,20.2,18.2,Large
CF0601,CF0601.jpg,FARM_029,2024-01-14,Gudivada Vegetable Market,2044.5,19.5,21.5,Large
CF0602,CF0602.jpg,FARM_028,2024-03-03,Nellore Vegetable Market (SPSR Nellore),496.1,10.1,10.2,Small
CF0603,CF0603.jpg,FARM_032,2024-01-12,Markapur Vegetable Mandi,937.5,14.9,13.8,Medium
CF0604,CF0604.jpg,FARM_039,2024-02-09,Markapur Vegetable Mandi,1987.1,21.9,17.3,Large
CF0605,CF0605.jpg,FARM_029,2024-02-05,Vizianagaram APMC Market,1055.5,16.4,14.1,Medium
CF0606,CF0606.jpg,FARM_027,2024-01-18,Hindupur APMC Market,2031.1,20.7,17.9,Large
CF0607,CF0607.jpg,FARM_018,2024-01-22,Kakinada Main Rythu Bazar,436.2,10.7,9.8,Small
CF0608,CF0608.jpg,FARM_014,2024-01-14,Gudur Vegetable Market,368.4,9.6,8.3,Small
CF0609,CF0609.jpg,FARM_033,2024-03-07,Amadalavalasa Vegetable Market,793.4,14.6,13.1,Medium
CF0610,CF0610.jpg,FARM_008,2024-01-16,Allagadda Rythu Bazar,885.8,14.2,13.5,Medium
CF0611,CF0611.jpg,FARM_023,2024-02-10,Anakapalle APMC Yard,1628.4,19.0,17.3,Large
CF0612,CF0612.jpg,FARM_028,2024-01-15,Tirupati RC Road Rythu Bazar,997.6,16.4,12.6,Medium
CF0613,CF0613.jpg,FARM_008,2024-03-01,Vijayawada Swaraj Maidan Rythu Bazar,495.7,10.5,10.0,Small
CF0614,CF0614.jpg,FARM_019,2024-03-06,Kakinada Main Rythu Bazar,379.4,10.8,8.8,Small
CF0615,CF0615.jpg,FARM_038,2024-02-08,Anakapalle APMC Yard,1336.3,17.6,14.8,Medium
CF0616,CF0616.jpg,FARM_032,2024-03-19,Araku Valley Horticulture Hub (ASR District),1471.3,19.0,16.0,Large
CF0617,CF0617.jpg,FARM_034,2024-02-06,Gajuwaka Industrial Rythu Bazar,872.6,13.5,12.2,Medium
CF0618,CF0618.jpg,FARM_020,2024-01-17,Guntur APMC Market (Guntur),942.3,15.5,13.4,Medium
CF0619,CF0619.jpg,FARM_003,2024-01-27,Tirupati RC Road Rythu Bazar,536.7,11.8,8.7,Small
CF0620,CF0620.jpg,FARM_015,2024-03-14,Kadapa APMC Mandi,442.1,11.3,7.9,Small
CF0621,CF0621.jpg,FARM_026,2024-02-16,Vizianagaram APMC Market,422.5,10.0,10.3,Small
CF0622,CF0622.jpg,FARM_039,2024-02-08,Machilipatnam APMC Market,1976.3,20.2,18.0,Large
CF0623,CF0623.jpg,FARM_004,2024-03-23,Kadiri Vegetable Market,959.2,15.5,12.8,Medium
CF0624,CF0624.jpg,FARM_001,2024-02-19,Dharmavaram Vegetable Market,1017.1,15.7,14.5,Medium
CF0625,CF0625.jpg,FARM_014,2024-03-23,Nandyal APMC Market,966.9,15.0,13.2,Medium
CF0626,CF0626.jpg,FARM_020,2024-02-20,Rayachoti Vegetable Market,506.9,10.4,10.3,Small
CF0627,CF0627.jpg,FARM_014,2024-02-09,Chittoor Town APMC Market,1591.0,20.8,16.0,Large
CF0628,CF0628.jpg,FARM_009,2024-02-17,Kadapa APMC Mandi,1712.7,19.6,16.6,Large
CF0629,CF0629.jpg,FARM_017,2024-01-28,Gudur Vegetable Market,970.0,18.2,13.8,Medium
CF0630,CF0630.jpg,FARM_019,2024-03-16,Gajuwaka Industrial Rythu Bazar,1013.4,15.3,15.4,Medium
CF0631,CF0631.jpg,FARM_021,2024-02-07,Kuppam Horticulture Mandi,456.6,10.8,8.9,Small
CF0632,CF0632.jpg,FARM_008,2024-03-02,Nellore Vegetable Market (SPSR Nellore),911.3,16.3,13.2,Medium
CF0633,CF0633.jpg,FARM_001,2024-02-17,Chirala Vegetable Market,1055.4,17.7,13.7,Medium
CF0634,CF0634.jpg,FARM_032,2024-02-14,Araku Valley Horticulture Hub (ASR District),453.5,11.0,10.2,Small
CF0635,CF0635.jpg,FARM_028,2024-01-17,Eluru APMC Market,526.4,13.0,9.5,Small
CF0636,CF0636.jpg,FARM_012,2024-03-21,Dharmavaram Vegetable Market,1930.5,21.5,18.5,Large
CF0637,CF0637.jpg,FARM_009,2024-03-25,Parvathipuram APMC Market,1535.6,20.0,17.3,Large
CF0638,CF0638.jpg,FARM_025,2024-02-01,Bobbili Vegetable Market,1612.9,22.9,16.6,Large
CF0639,CF0639.jpg,FARM_035,2024-03-04,Piduguralla Vegetable Mandi,1915.4,21.8,17.8,Large
CF0640,CF0640.jpg,FARM_015,2024-03-21,Rajahmundry APMC (East Godavari),1145.9,17.4,14.4,Medium
CF0641,CF0641.jpg,FARM_033,2024-03-13,Bapatla APMC Market,1248.3,17.4,15.2,Medium
CF0642,CF0642.jpg,FARM_036,2024-01-16,Kadapa APMC Mandi,971.2,15.7,13.0,Medium
CF0643,CF0643.jpg,FARM_023,2024-02-23,Nandyal APMC Market,1780.3,20.3,16.0,Large
CF0644,CF0644.jpg,FARM_005,2024-02-27,Paderu Agency Market,464.7,10.1,9.9,Small
CF0645,CF0645.jpg,FARM_026,2024-03-17,Bobbili Vegetable Market,625.2,13.4,9.6,Small
CF0646,CF0646.jpg,FARM_003,2024-02-19,Madanapalle Mandi (Annamayya / Chittoor),1933.7,23.3,18.2,Large
CF0647,CF0647.jpg,FARM_028,2024-03-03,Srikalahasti APMC Market,510.9,12.3,8.9,Small
CF0648,CF0648.jpg,FARM_002,2024-03-02,Ongole APMC Market (Prakasam),1853.4,20.6,17.1,Large
CF0649,CF0649.jpg,FARM_030,2024-01-29,Kadiri Vegetable Market,486.3,10.9,9.5,Small
CF0650,CF0650.jpg,FARM_005,2024-02-17,Anantapur APMC Mandi,541.2,11.2,10.2,Small
CF0651,CF0651.jpg,FARM_021,2024-02-27,Bobbili Vegetable Market,999.8,17.1,12.1,Medium
CF0652,CF0652.jpg,FARM_037,2024-02-02,Amalapuram APMC Yard,1295.6,16.1,15.0,Medium
CF0653,CF0653.jpg,FARM_028,2024-03-18,Nellore Vegetable Market (SPSR Nellore),2296.0,23.9,18.6,Large
CF0654,CF0654.jpg,FARM_037,2024-03-10,Palamaner Vegetable Mandi,459.1,10.3,10.5,Small
CF0655,CF0655.jpg,FARM_026,2024-02-09,Tadepalligudem Vegetable Market,1119.6,14.6,13.9,Medium
CF0656,CF0656.jpg,FARM_027,2024-02-07,Kadapa APMC Mandi,583.0,12.2,10.4,Small
CF0657,CF0657.jpg,FARM_019,2024-02-17,Kurnool APMC Market (C-Camp),434.8,9.4,10.6,Small
CF0658,CF0658.jpg,FARM_008,2024-01-28,Nellore Vegetable Market (SPSR Nellore),463.7,10.5,10.1,Small
CF0659,CF0659.jpg,FARM_026,2024-03-09,Adoni Vegetable APMC,512.5,9.8,10.7,Small
CF0660,CF0660.jpg,FARM_002,2024-01-17,Nellore Vegetable Market (SPSR Nellore),1441.5,20.3,15.0,Large
CF0661,CF0661.jpg,FARM_021,2024-03-21,Anakapalle APMC Yard,1364.5,19.4,16.7,Large
CF0662,CF0662.jpg,FARM_011,2024-03-02,Amalapuram APMC Yard,1610.2,19.0,16.8,Large
CF0663,CF0663.jpg,FARM_040,2024-03-03,Tadepalligudem Vegetable Market,1417.3,19.8,15.0,Large
CF0664,CF0664.jpg,FARM_030,2024-03-21,Visakhapatnam MVP Rythu Bazar (Visakhapatnam),1047.7,16.6,14.0,Medium
CF0665,CF0665.jpg,FARM_024,2024-03-17,Gudivada Vegetable Market,528.8,11.7,10.1,Small
CF0666,CF0666.jpg,FARM_006,2024-01-27,Markapur Vegetable Mandi,1149.6,16.2,14.3,Medium
CF0667,CF0667.jpg,FARM_028,2024-02-28,Gajuwaka Industrial Rythu Bazar,1036.7,15.7,13.2,Medium
CF0668,CF0668.jpg,FARM_007,2024-02-10,Srikakulam APMC Market Yard,1570.1,20.5,15.5,Large
CF0669,CF0669.jpg,FARM_016,2024-02-11,Kakinada Main Rythu Bazar,374.4,10.2,8.2,Small
CF0670,CF0670.jpg,FARM_028,2024-02-05,Ongole APMC Market (Prakasam),1090.5,16.3,13.5,Medium
CF0671,CF0671.jpg,FARM_038,2024-02-21,Tadepalligudem Vegetable Market,432.6,10.1,9.7,Small
CF0672,CF0672.jpg,FARM_026,2024-01-20,Markapur Vegetable Mandi,1208.4,16.5,14.4,Medium
CF0673,CF0673.jpg,FARM_034,2024-03-07,Allagadda Rythu Bazar,2182.7,23.1,19.4,Large
CF0674,CF0674.jpg,FARM_006,2024-02-26,Amadalavalasa Vegetable Market,1345.0,18.3,16.0,Medium
CF0675,CF0675.jpg,FARM_026,2024-01-21,Gudur Vegetable Market,581.5,11.7,11.3,Small
CF0676,CF0676.jpg,FARM_020,2024-03-18,Markapur Vegetable Mandi,1723.2,19.3,18.4,Large
CF0677,CF0677.jpg,FARM_022,2024-02-03,Proddatur Vegetable Market,905.8,16.9,11.9,Medium
CF0678,CF0678.jpg,FARM_015,2024-01-16,Kadapa APMC Mandi,1243.2,16.6,15.6,Medium
CF0679,CF0679.jpg,FARM_022,2024-02-13,Araku Valley Horticulture Hub (ASR District),1923.0,23.0,16.9,Large
CF0680,CF0680.jpg,FARM_011,2024-02-27,Vijayawada Gollapudi APMC (NTR / Krishna),1070.4,17.5,14.5,Medium
CF0681,CF0681.jpg,FARM_005,2024-01-15,Amalapuram APMC Yard,898.8,13.5,15.5,Medium
CF0682,CF0682.jpg,FARM_033,2024-01-19,Rajahmundry APMC (East Godavari),1377.7,19.2,16.4,Large
CF0683,CF0683.jpg,FARM_008,2024-02-03,Araku Valley Horticulture Hub (ASR District),941.5,14.4,14.4,Medium
CF0684,CF0684.jpg,FARM_034,2024-03-25,Kadapa APMC Mandi,1514.8,20.5,16.7,Large
CF0685,CF0685.jpg,FARM_033,2024-03-21,Vijayawada Gollapudi APMC (NTR / Krishna),1026.5,15.5,13.9,Medium
CF0686,CF0686.jpg,FARM_013,2024-02-06,Markapur Vegetable Mandi,1082.9,15.9,14.4,Medium
CF0687,CF0687.jpg,FARM_023,2024-03-11,Kuppam Horticulture Mandi,576.0,10.3,10.9,Small
CF0688,CF0688.jpg,FARM_023,2024-02-05,Parvathipuram APMC Market,471.0,8.9,11.2,Small
CF0689,CF0689.jpg,FARM_010,2024-02-21,Vijayawada Swaraj Maidan Rythu Bazar,572.8,12.3,9.5,Small
CF0690,CF0690.jpg,FARM_016,2024-02-17,Kadapa APMC Mandi,890.0,14.7,14.8,Medium
CF0691,CF0691.jpg,FARM_007,2024-01-11,Vijayawada Gollapudi APMC (NTR / Krishna),763.1,13.5,13.2,Medium
CF0692,CF0692.jpg,FARM_010,2024-02-06,Guntur APMC Market (Guntur),1069.0,16.2,14.7,Medium
CF0693,CF0693.jpg,FARM_017,2024-02-03,Gudivada Vegetable Market,391.0,10.5,8.7,Small
CF0694,CF0694.jpg,FARM_013,2024-01-25,Bhimavaram APMC Market,543.3,11.7,11.6,Small
CF0695,CF0695.jpg,FARM_012,2024-03-11,Tirupati RC Road Rythu Bazar,1112.2,16.7,13.6,Medium
CF0696,CF0696.jpg,FARM_039,2024-02-10,Adoni Vegetable APMC,1064.3,14.9,14.9,Medium
CF0697,CF0697.jpg,FARM_010,2024-02-05,Nandyal APMC Market,1004.7,15.5,15.4,Medium
CF0698,CF0698.jpg,FARM_005,2024-02-29,Kadiri Vegetable Market,1245.5,17.9,13.5,Medium
CF0699,CF0699.jpg,FARM_012,2024-02-09,Piduguralla Vegetable Mandi,607.6,12.2,11.1,Small
CF0700,CF0700.jpg,FARM_032,2024-03-20,Bobbili Vegetable Market,1055.0,17.0,12.4,Medium
CF0701,CF0701.jpg,FARM_030,2024-02-20,Nandyal APMC Market,1116.1,17.6,14.3,Medium
CF0702,CF0702.jpg,FARM_037,2024-02-15,Parvathipuram APMC Market,1869.0,21.6,19.4,Large
CF0703,CF0703.jpg,FARM_038,2024-02-27,Hindupur APMC Market,1762.5,22.0,16.6,Large
CF0704,CF0704.jpg,FARM_029,2024-03-09,Kuppam Horticulture Mandi,1279.9,16.6,15.1,Medium
CF0705,CF0705.jpg,FARM_037,2024-03-18,Chirala Vegetable Market,953.0,13.6,16.2,Medium
CF0706,CF0706.jpg,FARM_040,2024-02-24,Chirala Vegetable Market,1177.0,17.0,14.7,Medium
CF0707,CF0707.jpg,FARM_021,2024-02-18,Guntur APMC Market (Guntur),507.9,12.8,10.3,Small
CF0708,CF0708.jpg,FARM_021,2024-02-12,Bhimavaram APMC Market,1155.3,17.7,13.7,Medium
CF0709,CF0709.jpg,FARM_010,2024-02-25,Nellore Vegetable Market (SPSR Nellore),409.4,11.3,9.7,Small
CF0710,CF0710.jpg,FARM_029,2024-03-15,Chirala Vegetable Market,1170.5,18.7,13.3,Medium
CF0711,CF0711.jpg,FARM_005,2024-03-13,Palamaner Vegetable Mandi,2216.6,23.4,20.0,Large
CF0712,CF0712.jpg,FARM_031,2024-03-09,Hindupur APMC Market,1870.3,22.6,16.1,Large
CF0713,CF0713.jpg,FARM_029,2024-01-22,Chirala Vegetable Market,1345.0,18.7,14.3,Medium
CF0714,CF0714.jpg,FARM_020,2024-03-10,Piduguralla Vegetable Mandi,1033.3,17.5,13.9,Medium
CF0715,CF0715.jpg,FARM_018,2024-02-19,Jangareddygudem Market,500.1,12.3,8.9,Small
CF0716,CF0716.jpg,FARM_038,2024-02-05,Bobbili Vegetable Market,1123.3,16.1,15.4,Medium
CF0717,CF0717.jpg,FARM_004,2024-02-26,Rayachoti Vegetable Market,1020.2,14.9,14.3,Medium
CF0718,CF0718.jpg,FARM_023,2024-02-19,Eluru APMC Market,410.2,12.4,8.7,Small
CF0719,CF0719.jpg,FARM_033,2024-03-02,Piduguralla Vegetable Mandi,1134.2,16.9,17.0,Medium
CF0720,CF0720.jpg,FARM_005,2024-01-15,Gudur Vegetable Market,881.9,17.2,12.3,Medium
CF0721,CF0721.jpg,FARM_020,2024-03-22,Madanapalle Mandi (Annamayya / Chittoor),1140.1,16.0,14.3,Medium
CF0722,CF0722.jpg,FARM_030,2024-02-07,Tenali Vegetable Rythu Bazar,971.7,16.5,13.0,Medium
CF0723,CF0723.jpg,FARM_029,2024-01-28,Machilipatnam APMC Market,981.8,14.9,13.5,Medium
CF0724,CF0724.jpg,FARM_003,2024-01-12,Piduguralla Vegetable Mandi,1162.7,14.6,15.2,Medium
CF0725,CF0725.jpg,FARM_004,2024-02-12,Chirala Vegetable Market,1264.7,17.0,15.7,Medium
CF0726,CF0726.jpg,FARM_024,2024-03-20,Bhimavaram APMC Market,1806.2,19.5,17.1,Large
CF0727,CF0727.jpg,FARM_019,2024-03-24,Amadalavalasa Vegetable Market,577.9,13.4,9.4,Small
CF0728,CF0728.jpg,FARM_005,2024-03-24,Amadalavalasa Vegetable Market,1035.0,14.7,14.8,Medium
CF0729,CF0729.jpg,FARM_006,2024-03-03,Bhimavaram APMC Market,597.2,13.4,10.0,Small
CF0730,CF0730.jpg,FARM_040,2024-02-16,Visakhapatnam MVP Rythu Bazar (Visakhapatnam),1846.8,19.0,17.9,Large
CF0731,CF0731.jpg,FARM_039,2024-01-29,Kadiri Vegetable Market,1137.6,15.3,16.6,Medium
CF0732,CF0732.jpg,FARM_033,2024-02-04,Rajahmundry APMC (East Godavari),1242.6,18.5,13.6,Medium
CF0733,CF0733.jpg,FARM_025,2024-02-21,Kadiri Vegetable Market,1012.2,17.7,12.6,Medium
CF0734,CF0734.jpg,FARM_030,2024-02-08,Vijayawada Gollapudi APMC (NTR / Krishna),1301.3,18.2,14.3,Medium
CF0735,CF0735.jpg,FARM_038,2024-02-27,Ongole APMC Market (Prakasam),1010.7,15.7,13.4,Medium
CF0736,CF0736.jpg,FARM_036,2024-03-22,Rajahmundry APMC (East Godavari),1374.8,19.5,15.0,Large
CF0737,CF0737.jpg,FARM_003,2024-02-10,Rayachoti Vegetable Market,519.2,11.2,11.0,Small
CF0738,CF0738.jpg,FARM_029,2024-03-13,Piduguralla Vegetable Mandi,1345.0,18.7,14.2,Medium
CF0739,CF0739.jpg,FARM_037,2024-03-20,Guntur APMC Market (Guntur),532.8,13.4,9.5,Small
CF0740,CF0740.jpg,FARM_013,2024-02-22,Anakapalle APMC Yard,423.2,10.3,8.9,Small
CF0741,CF0741.jpg,FARM_021,2024-02-11,Vizianagaram APMC Market,502.1,11.6,9.3,Small
CF0742,CF0742.jpg,FARM_039,2024-03-12,Bapatla APMC Market,1119.9,17.4,14.2,Medium
CF0743,CF0743.jpg,FARM_031,2024-03-12,Srikakulam APMC Market Yard,1055.6,15.7,15.0,Medium
CF0744,CF0744.jpg,FARM_033,2024-03-08,Allagadda Rythu Bazar,1078.3,15.9,13.1,Medium
CF0745,CF0745.jpg,FARM_010,2024-01-31,Nellore Vegetable Market (SPSR Nellore),1968.0,22.8,17.9,Large
CF0746,CF0746.jpg,FARM_004,2024-02-24,Adoni Vegetable APMC,1894.4,20.4,16.6,Large
CF0747,CF0747.jpg,FARM_029,2024-01-31,Gajuwaka Industrial Rythu Bazar,466.6,12.2,9.2,Small
CF0748,CF0748.jpg,FARM_007,2024-01-27,Bhimavaram APMC Market,918.7,13.5,14.2,Medium
CF0749,CF0749.jpg,FARM_022,2024-03-19,Rayachoti Vegetable Market,1818.8,20.1,18.6,Large
CF0750,CF0750.jpg,FARM_006,2024-03-12,Bapatla APMC Market,1045.8,14.8,14.2,Medium
CF0751,CF0751.jpg,FARM_033,2024-02-02,Jangareddygudem Market,834.3,15.6,12.3,Medium
CF0752,CF0752.jpg,FARM_012,2024-03-19,Eluru APMC Market,1190.3,16.6,15.4,Medium
CF0753,CF0753.jpg,FARM_003,2024-01-17,Anakapalle APMC Yard,2139.6,22.9,18.2,Large
CF0754,CF0754.jpg,FARM_016,2024-03-17,Rayachoti Vegetable Market,974.2,15.9,12.4,Medium
CF0755,CF0755.jpg,FARM_029,2024-01-14,Tirupati RC Road Rythu Bazar,1281.1,18.0,14.7,Medium
CF0756,CF0756.jpg,FARM_029,2024-01-19,Paderu Agency Market,365.6,10.1,8.8,Small
CF0757,CF0757.jpg,FARM_034,2024-01-16,Ongole APMC Market (Prakasam),386.7,10.9,9.9,Small
CF0758,CF0758.jpg,FARM_034,2024-01-10,Adoni Vegetable APMC,1235.8,18.9,13.8,Medium
CF0759,CF0759.jpg,FARM_040,2024-03-02,Nellore Vegetable Market (SPSR Nellore),501.5,11.7,9.3,Small
CF0760,CF0760.jpg,FARM_011,2024-01-27,Anantapur APMC Mandi,2058.4,22.5,20.2,Large
CF0761,CF0761.jpg,FARM_024,2024-02-08,Palamaner Vegetable Mandi,1687.9,20.3,18.6,Large
CF0762,CF0762.jpg,FARM_024,2024-01-18,Proddatur Vegetable Market,420.9,11.4,8.4,Small
CF0763,CF0763.jpg,FARM_019,2024-01-29,Piduguralla Vegetable Mandi,1792.8,21.5,17.7,Large
CF0764,CF0764.jpg,FARM_025,2024-01-11,Gudivada Vegetable Market,412.7,9.0,8.9,Small
CF0765,CF0765.jpg,FARM_027,2024-02-06,Hindupur APMC Market,1124.1,16.2,14.6,Medium
CF0766,CF0766.jpg,FARM_022,2024-03-14,Nellore Vegetable Market (SPSR Nellore),493.9,9.6,10.6,Small
CF0767,CF0767.jpg,FARM_039,2024-03-08,Gudivada Vegetable Market,910.2,14.7,12.4,Medium
CF0768,CF0768.jpg,FARM_004,2024-02-26,Guntur APMC Market (Guntur),439.8,11.6,8.5,Small
CF0769,CF0769.jpg,FARM_022,2024-01-17,Piduguralla Vegetable Mandi,618.5,10.8,11.1,Small
CF0770,CF0770.jpg,FARM_005,2024-03-11,Vijayawada Gollapudi APMC (NTR / Krishna),1535.7,19.0,17.9,Large
CF0771,CF0771.jpg,FARM_022,2024-03-12,Chirala Vegetable Market,963.4,15.6,12.7,Medium
CF0772,CF0772.jpg,FARM_007,2024-01-12,Proddatur Vegetable Market,1604.1,19.0,18.0,Large
CF0773,CF0773.jpg,FARM_036,2024-01-10,Tirupati RC Road Rythu Bazar,461.9,13.1,8.8,Small
CF0774,CF0774.jpg,FARM_025,2024-03-18,Gudur Vegetable Market,865.4,14.5,12.6,Medium
CF0775,CF0775.jpg,FARM_019,2024-03-20,Rayachoti Vegetable Market,994.2,14.0,14.4,Medium
CF0776,CF0776.jpg,FARM_017,2024-03-02,Amadalavalasa Vegetable Market,1680.3,20.8,15.4,Large
CF0777,CF0777.jpg,FARM_039,2024-01-11,Bhimavaram APMC Market,1169.3,16.9,15.0,Medium
CF0778,CF0778.jpg,FARM_010,2024-01-12,Palamaner Vegetable Mandi,568.3,11.5,11.8,Small
CF0779,CF0779.jpg,FARM_022,2024-03-17,Tenali Vegetable Rythu Bazar,1012.1,16.0,13.7,Medium
CF0780,CF0780.jpg,FARM_006,2024-02-14,Kadiri Vegetable Market,486.4,11.6,9.1,Small
CF0781,CF0781.jpg,FARM_038,2024-03-18,Paderu Agency Market,952.2,16.8,11.0,Medium
CF0782,CF0782.jpg,FARM_010,2024-02-15,Kuppam Horticulture Mandi,2126.8,22.6,19.1,Large
CF0783,CF0783.jpg,FARM_023,2024-01-12,Paderu Agency Market,1027.1,16.2,15.0,Medium
CF0784,CF0784.jpg,FARM_020,2024-03-14,Chittoor Town APMC Market,460.4,10.7,10.5,Small
CF0785,CF0785.jpg,FARM_026,2024-03-05,Rayachoti Vegetable Market,916.5,15.0,14.2,Medium
CF0786,CF0786.jpg,FARM_009,2024-02-01,Kadapa APMC Mandi,396.1,9.9,9.3,Small
CF0787,CF0787.jpg,FARM_039,2024-01-23,Dharmavaram Vegetable Market,695.0,13.1,11.2,Small
CF0788,CF0788.jpg,FARM_006,2024-01-22,Rayachoti Vegetable Market,1063.6,13.9,14.6,Medium
CF0789,CF0789.jpg,FARM_020,2024-03-17,Gajuwaka Industrial Rythu Bazar,991.8,16.9,13.6,Medium
CF0790,CF0790.jpg,FARM_036,2024-01-29,Nandyal APMC Market,506.0,11.2,9.5,Small
CF0791,CF0791.jpg,FARM_025,2024-02-09,Kadapa APMC Mandi,1028.7,14.4,14.9,Medium
CF0792,CF0792.jpg,FARM_022,2024-02-03,Adoni Vegetable APMC,1166.9,17.5,14.7,Medium
CF0793,CF0793.jpg,FARM_009,2024-03-17,Gudur Vegetable Market,2222.4,22.1,18.9,Large
CF0794,CF0794.jpg,FARM_034,2024-02-11,Anakapalle APMC Yard,1076.7,15.6,14.6,Medium
CF0795,CF0795.jpg,FARM_006,2024-02-24,Kurnool APMC Market (C-Camp),827.3,15.0,11.9,Medium
CF0796,CF0796.jpg,FARM_028,2024-02-13,Eluru APMC Market,1079.1,17.1,13.0,Medium
CF0797,CF0797.jpg,FARM_033,2024-02-29,Hindupur APMC Market,2036.3,23.0,16.6,Large
CF0798,CF0798.jpg,FARM_024,2024-01-20,Nellore Vegetable Market (SPSR Nellore),1426.7,21.6,15.5,Large
CF0799,CF0799.jpg,FARM_002,2024-02-26,Bobbili Vegetable Market,962.9,15.6,13.5,Medium
CF0800,CF0800.jpg,FARM_024,2024-03-01,Proddatur Vegetable Market,1079.2,16.3,13.3,Medium
CF0801,CF0801.jpg,FARM_020,2024-03-08,Narasaraopet APMC Market,1834.6,19.3,19.1,Large
CF0802,CF0802.jpg,FARM_012,2024-03-22,Allagadda Rythu Bazar,695.0,13.4,11.0,Small
CF0803,CF0803.jpg,FARM_014,2024-02-10,Visakhapatnam MVP Rythu Bazar (Visakhapatnam),564.6,11.3,10.3,Small
CF0804,CF0804.jpg,FARM_022,2024-02-07,Visakhapatnam MVP Rythu Bazar (Visakhapatnam),1825.7,21.9,18.6,Large
CF0805,CF0805.jpg,FARM_032,2024-02-17,Amadalavalasa Vegetable Market,1176.4,17.2,15.4,Medium
CF0806,CF0806.jpg,FARM_013,2024-01-20,Parvathipuram APMC Market,605.4,11.6,9.8,Small
CF0807,CF0807.jpg,FARM_015,2024-01-14,Kurnool APMC Market (C-Camp),1092.8,16.5,13.6,Medium
CF0808,CF0808.jpg,FARM_009,2024-01-21,Allagadda Rythu Bazar,1070.8,14.8,13.0,Medium
CF0809,CF0809.jpg,FARM_010,2024-03-01,Machilipatnam APMC Market,1988.2,20.1,17.9,Large
CF0810,CF0810.jpg,FARM_005,2024-02-27,Srikalahasti APMC Market,1114.1,17.5,14.4,Medium
CF0811,CF0811.jpg,FARM_019,2024-02-27,Jangareddygudem Market,1063.3,16.1,14.2,Medium
CF0812,CF0812.jpg,FARM_007,2024-03-20,Rayachoti Vegetable Market,1746.0,19.7,18.8,Large
CF0813,CF0813.jpg,FARM_033,2024-03-10,Machilipatnam APMC Market,512.0,11.5,9.7,Small
CF0814,CF0814.jpg,FARM_035,2024-01-17,Eluru APMC Market,835.9,14.2,11.0,Medium
CF0815,CF0815.jpg,FARM_034,2024-01-11,Vizianagaram APMC Market,1036.7,14.4,14.0,Medium
CF0816,CF0816.jpg,FARM_003,2024-01-31,Piduguralla Vegetable Mandi,967.8,15.9,12.1,Medium
CF0817,CF0817.jpg,FARM_022,2024-01-20,Bapatla APMC Market,1812.0,21.8,16.9,Large
CF0818,CF0818.jpg,FARM_040,2024-03-13,Parvathipuram APMC Market,429.2,8.7,10.1,Small
CF0819,CF0819.jpg,FARM_009,2024-03-05,Dharmavaram Vegetable Market,1126.4,16.0,14.0,Medium
CF0820,CF0820.jpg,FARM_039,2024-02-21,Kuppam Horticulture Mandi,376.5,11.3,8.6,Small
CF0821,CF0821.jpg,FARM_025,2024-03-22,Jangareddygudem Market,1849.8,21.7,18.4,Large
CF0822,CF0822.jpg,FARM_010,2024-01-22,Bobbili Vegetable Market,984.8,16.2,14.0,Medium
CF0823,CF0823.jpg,FARM_011,2024-03-17,Araku Valley Horticulture Hub (ASR District),1220.2,18.0,15.0,Medium
CF0824,CF0824.jpg,FARM_012,2024-01-15,Kadapa APMC Mandi,1154.8,15.4,16.3,Medium
CF0825,CF0825.jpg,FARM_040,2024-02-08,Srikalahasti APMC Market,2234.4,20.7,19.5,Large
CF0826,CF0826.jpg,FARM_011,2024-02-06,Bobbili Vegetable Market,1955.1,21.0,17.8,Large
CF0827,CF0827.jpg,FARM_029,2024-03-22,Machilipatnam APMC Market,1758.4,21.4,16.8,Large
CF0828,CF0828.jpg,FARM_003,2024-03-10,Vizianagaram APMC Market,820.3,15.2,12.7,Medium
CF0829,CF0829.jpg,FARM_027,2024-02-13,Visakhapatnam MVP Rythu Bazar (Visakhapatnam),385.6,11.8,8.7,Small
CF0830,CF0830.jpg,FARM_024,2024-01-15,Kurnool APMC Market (C-Camp),1655.4,19.2,17.5,Large
CF0831,CF0831.jpg,FARM_016,2024-01-19,Eluru APMC Market,406.1,10.2,8.9,Small
CF0832,CF0832.jpg,FARM_029,2024-02-14,Chittoor Town APMC Market,409.6,10.8,9.1,Small
CF0833,CF0833.jpg,FARM_040,2024-03-19,Tenali Vegetable Rythu Bazar,1868.5,21.7,16.9,Large
CF0834,CF0834.jpg,FARM_019,2024-03-22,Bhimavaram APMC Market,631.7,11.0,11.6,Small
CF0835,CF0835.jpg,FARM_029,2024-01-14,Ongole APMC Market (Prakasam),1454.7,20.0,16.3,Large
CF0836,CF0836.jpg,FARM_015,2024-02-01,Anakapalle APMC Yard,840.9,13.8,14.6,Medium
CF0837,CF0837.jpg,FARM_035,2024-02-19,Narasaraopet APMC Market,1200.0,18.0,14.0,Medium
CF0838,CF0838.jpg,FARM_016,2024-01-12,Kuppam Horticulture Mandi,1015.8,16.6,13.7,Medium
CF0839,CF0839.jpg,FARM_020,2024-02-05,Kakinada Main Rythu Bazar,463.2,11.3,10.4,Small
CF0840,CF0840.jpg,FARM_031,2024-03-25,Paderu Agency Market,1529.0,19.2,18.0,Large
CF0841,CF0841.jpg,FARM_013,2024-01-28,Guntur APMC Market (Guntur),1775.2,23.0,16.8,Large
CF0842,CF0842.jpg,FARM_024,2024-02-29,Madanapalle Mandi (Annamayya / Chittoor),625.1,12.1,10.3,Small
CF0843,CF0843.jpg,FARM_037,2024-01-19,Chirala Vegetable Market,383.5,10.0,8.9,Small
CF0844,CF0844.jpg,FARM_029,2024-02-17,Rajahmundry APMC (East Godavari),953.9,15.4,13.5,Medium
CF0845,CF0845.jpg,FARM_030,2024-01-30,Srikalahasti APMC Market,491.2,10.6,9.0,Small
CF0846,CF0846.jpg,FARM_019,2024-03-22,Ongole APMC Market (Prakasam),1100.1,17.2,13.4,Medium
CF0847,CF0847.jpg,FARM_025,2024-02-09,Narasaraopet APMC Market,1932.1,20.5,18.5,Large
CF0848,CF0848.jpg,FARM_033,2024-03-22,Araku Valley Horticulture Hub (ASR District),837.3,15.8,13.3,Medium
CF0849,CF0849.jpg,FARM_034,2024-02-28,Nellore Vegetable Market (SPSR Nellore),519.0,10.9,9.7,Small
CF0850,CF0850.jpg,FARM_027,2024-03-19,Parvathipuram APMC Market,483.0,11.2,10.5,Small
CF0851,CF0851.jpg,FARM_011,2024-02-21,Nandyal APMC Market,1823.9,22.0,16.5,Large
CF0852,CF0852.jpg,FARM_013,2024-02-28,Ongole APMC Market (Prakasam),1173.7,17.4,13.4,Medium
CF0853,CF0853.jpg,FARM_039,2024-01-27,Anantapur APMC Mandi,1115.2,17.9,13.2,Medium
CF0854,CF0854.jpg,FARM_009,2024-01-20,Srikakulam APMC Market Yard,438.7,11.8,9.8,Small
CF0855,CF0855.jpg,FARM_017,2024-03-14,Amalapuram APMC Yard,1066.4,15.8,14.9,Medium
CF0856,CF0856.jpg,FARM_004,2024-02-23,Paderu Agency Market,1174.4,16.8,14.8,Medium
CF0857,CF0857.jpg,FARM_031,2024-01-16,Vijayawada Gollapudi APMC (NTR / Krishna),1838.4,20.2,18.9,Large
CF0858,CF0858.jpg,FARM_024,2024-01-22,Gajuwaka Industrial Rythu Bazar,2111.5,22.5,17.7,Large
CF0859,CF0859.jpg,FARM_036,2024-03-05,Bhimavaram APMC Market,1826.8,20.5,18.9,Large
CF0860,CF0860.jpg,FARM_007,2024-02-08,Gudur Vegetable Market,989.2,14.7,13.1,Medium
CF0861,CF0861.jpg,FARM_034,2024-01-19,Nellore Vegetable Market (SPSR Nellore),610.6,11.9,11.6,Small
CF0862,CF0862.jpg,FARM_008,2024-02-22,Ongole APMC Market (Prakasam),856.8,14.8,12.9,Medium
CF0863,CF0863.jpg,FARM_019,2024-02-29,Srikakulam APMC Market Yard,1005.8,14.6,15.0,Medium
CF0864,CF0864.jpg,FARM_006,2024-02-20,Jangareddygudem Market,544.5,11.1,10.8,Small
CF0865,CF0865.jpg,FARM_011,2024-01-13,Vijayawada Gollapudi APMC (NTR / Krishna),1090.1,16.7,13.1,Medium
CF0866,CF0866.jpg,FARM_018,2024-02-13,Gudivada Vegetable Market,1758.2,22.1,15.1,Large
CF0867,CF0867.jpg,FARM_029,2024-03-07,Kadapa APMC Mandi,536.8,12.7,9.5,Small
CF0868,CF0868.jpg,FARM_033,2024-03-12,Tirupati RC Road Rythu Bazar,1567.1,19.0,18.6,Large
CF0869,CF0869.jpg,FARM_010,2024-02-08,Vijayawada Gollapudi APMC (NTR / Krishna),1829.2,20.5,18.0,Large
CF0870,CF0870.jpg,FARM_028,2024-02-24,Markapur Vegetable Mandi,846.1,14.8,12.6,Medium
CF0871,CF0871.jpg,FARM_006,2024-03-20,Kadapa APMC Mandi,462.0,12.3,8.1,Small
CF0872,CF0872.jpg,FARM_015,2024-02-27,Nellore Vegetable Market (SPSR Nellore),2131.9,23.8,17.9,Large
CF0873,CF0873.jpg,FARM_029,2024-03-05,Eluru APMC Market,528.3,11.1,9.3,Small
CF0874,CF0874.jpg,FARM_023,2024-02-02,Gajuwaka Industrial Rythu Bazar,695.0,13.0,11.5,Small
CF0875,CF0875.jpg,FARM_002,2024-03-24,Anakapalle APMC Yard,1113.3,16.1,14.1,Medium
CF0876,CF0876.jpg,FARM_027,2024-02-27,Piduguralla Vegetable Mandi,1051.9,14.5,13.7,Medium
CF0877,CF0877.jpg,FARM_004,2024-01-20,Guntur APMC Market (Guntur),1074.6,14.0,14.1,Medium
CF0878,CF0878.jpg,FARM_026,2024-02-16,Rayachoti Vegetable Market,905.8,14.9,14.5,Medium
CF0879,CF0879.jpg,FARM_033,2024-02-10,Rajahmundry APMC (East Godavari),1734.8,21.0,18.6,Large
CF0880,CF0880.jpg,FARM_024,2024-01-19,Gudivada Vegetable Market,1854.6,20.5,17.5,Large
CF0881,CF0881.jpg,FARM_016,2024-01-20,Anantapur APMC Mandi,1094.2,18.9,14.5,Medium
CF0882,CF0882.jpg,FARM_025,2024-02-13,Rajahmundry APMC (East Godavari),430.0,10.7,9.3,Small
CF0883,CF0883.jpg,FARM_006,2024-01-29,Hindupur APMC Market,1589.9,21.2,16.6,Large
CF0884,CF0884.jpg,FARM_024,2024-02-27,Tenali Vegetable Rythu Bazar,1405.8,20.1,16.8,Large
CF0885,CF0885.jpg,FARM_015,2024-01-29,Proddatur Vegetable Market,1320.5,18.4,16.2,Medium
CF0886,CF0886.jpg,FARM_002,2024-02-28,Guntur APMC Market (Guntur),1137.8,15.6,14.3,Medium
CF0887,CF0887.jpg,FARM_021,2024-02-19,Vijayawada Gollapudi APMC (NTR / Krishna),2132.1,21.4,18.8,Large
CF0888,CF0888.jpg,FARM_007,2024-02-25,Visakhapatnam MVP Rythu Bazar (Visakhapatnam),992.6,14.0,15.9,Medium
CF0889,CF0889.jpg,FARM_022,2024-01-23,Bobbili Vegetable Market,1085.6,17.2,14.0,Medium
CF0890,CF0890.jpg,FARM_010,2024-01-21,Vijayawada Gollapudi APMC (NTR / Krishna),1149.5,16.4,14.2,Medium
CF0891,CF0891.jpg,FARM_009,2024-01-10,Tadepalligudem Vegetable Market,462.7,13.1,8.4,Small
CF0892,CF0892.jpg,FARM_003,2024-02-18,Madanapalle Mandi (Annamayya / Chittoor),1112.1,16.3,14.3,Medium
CF0893,CF0893.jpg,FARM_019,2024-03-06,Amalapuram APMC Yard,1219.3,16.5,15.0,Medium
CF0894,CF0894.jpg,FARM_031,2024-02-25,Dharmavaram Vegetable Market,1150.6,16.4,14.9,Medium
CF0895,CF0895.jpg,FARM_009,2024-02-13,Tirupati RC Road Rythu Bazar,540.5,11.3,11.6,Small
CF0896,CF0896.jpg,FARM_031,2024-01-23,Kadapa APMC Mandi,1053.6,16.2,12.6,Medium
CF0897,CF0897.jpg,FARM_029,2024-01-26,Srikakulam APMC Market Yard,563.1,11.2,9.6,Small
CF0898,CF0898.jpg,FARM_040,2024-01-21,Chirala Vegetable Market,423.6,9.2,9.9,Small
CF0899,CF0899.jpg,FARM_001,2024-02-02,Rajahmundry APMC (East Godavari),1938.6,21.1,16.4,Large
CF0900,CF0900.jpg,FARM_006,2024-03-05,Tadepalligudem Vegetable Market,502.1,11.0,10.2,Small
CF0901,CF0901.jpg,FARM_002,2024-03-07,Kadapa APMC Mandi,1647.2,19.6,15.9,Large
CF0902,CF0902.jpg,FARM_017,2024-03-21,Bobbili Vegetable Market,912.2,15.2,13.8,Medium
CF0903,CF0903.jpg,FARM_014,2024-03-21,Gudur Vegetable Market,1090.2,17.7,13.4,Medium
CF0904,CF0904.jpg,FARM_010,2024-03-15,Paderu Agency Market,1784.2,21.3,16.6,Large
CF0905,CF0905.jpg,FARM_036,2024-03-02,Parvathipuram APMC Market,1171.5,14.5,16.5,Medium
CF0906,CF0906.jpg,FARM_039,2024-01-23,Rajahmundry APMC (East Godavari),300.0,9.2,8.8,Small
CF0907,CF0907.jpg,FARM_034,2024-01-13,Markapur Vegetable Mandi,1258.9,18.4,15.2,Medium
CF0908,CF0908.jpg,FARM_028,2024-01-21,Rayachoti Vegetable Market,1149.7,18.3,13.7,Medium
CF0909,CF0909.jpg,FARM_008,2024-02-24,Tirupati RC Road Rythu Bazar,1746.5,21.1,15.0,Large
CF0910,CF0910.jpg,FARM_019,2024-03-20,Vijayawada Swaraj Maidan Rythu Bazar,2067.6,23.5,17.3,Large
CF0911,CF0911.jpg,FARM_016,2024-01-21,Kadiri Vegetable Market,1035.3,14.9,14.0,Medium
CF0912,CF0912.jpg,FARM_020,2024-02-20,Bapatla APMC Market,501.1,11.2,10.2,Small
CF0913,CF0913.jpg,FARM_008,2024-02-28,Bobbili Vegetable Market,1618.1,19.0,17.6,Large
CF0914,CF0914.jpg,FARM_004,2024-01-11,Kadapa APMC Mandi,552.0,12.5,9.6,Small
CF0915,CF0915.jpg,FARM_016,2024-02-16,Machilipatnam APMC Market,915.3,15.2,13.4,Medium
CF0916,CF0916.jpg,FARM_027,2024-03-02,Anakapalle APMC Yard,1841.0,21.7,15.8,Large
CF0917,CF0917.jpg,FARM_040,2024-02-28,Jangareddygudem Market,951.4,14.6,15.2,Medium
CF0918,CF0918.jpg,FARM_030,2024-01-20,Narasaraopet APMC Market,951.9,16.5,12.4,Medium
CF0919,CF0919.jpg,FARM_005,2024-03-21,Gudur Vegetable Market,1797.3,20.8,18.7,Large
CF0920,CF0920.jpg,FARM_008,2024-02-10,Tadepalligudem Vegetable Market,1806.3,20.3,17.1,Large
CF0921,CF0921.jpg,FARM_032,2024-03-23,Amalapuram APMC Yard,1886.7,21.0,18.2,Large
CF0922,CF0922.jpg,FARM_039,2024-03-16,Tenali Vegetable Rythu Bazar,924.3,14.5,13.2,Medium
CF0923,CF0923.jpg,FARM_035,2024-01-31,Ongole APMC Market (Prakasam),455.4,10.5,10.1,Small
CF0924,CF0924.jpg,FARM_002,2024-02-27,Amadalavalasa Vegetable Market,336.1,8.5,9.4,Small
CF0925,CF0925.jpg,FARM_033,2024-01-31,Tadepalligudem Vegetable Market,1895.6,20.8,18.1,Large
CF0926,CF0926.jpg,FARM_037,2024-01-27,Guntur APMC Market (Guntur),506.1,12.2,9.7,Small
CF0927,CF0927.jpg,FARM_016,2024-02-13,Tenali Vegetable Rythu Bazar,1345.0,18.8,16.7,Medium
CF0928,CF0928.jpg,FARM_010,2024-02-17,Bobbili Vegetable Market,1163.5,17.6,14.3,Medium
CF0929,CF0929.jpg,FARM_019,2024-02-13,Nellore Vegetable Market (SPSR Nellore),964.3,17.8,13.3,Medium
CF0930,CF0930.jpg,FARM_028,2024-03-13,Vijayawada Gollapudi APMC (NTR / Krishna),1060.6,14.3,13.9,Medium
CF0931,CF0931.jpg,FARM_001,2024-01-28,Machilipatnam APMC Market,1034.1,17.5,13.3,Medium
CF0932,CF0932.jpg,FARM_040,2024-01-18,Proddatur Vegetable Market,356.3,9.6,7.1,Small
CF0933,CF0933.jpg,FARM_023,2024-01-31,Kadiri Vegetable Market,1151.0,17.5,14.2,Medium
CF0934,CF0934.jpg,FARM_016,2024-03-05,Kurnool APMC Market (C-Camp),467.6,13.2,7.7,Small
CF0935,CF0935.jpg,FARM_037,2024-02-14,Srikakulam APMC Market Yard,454.9,10.6,8.8,Small
CF0936,CF0936.jpg,FARM_027,2024-03-03,Dharmavaram Vegetable Market,1229.9,16.7,16.3,Medium
CF0937,CF0937.jpg,FARM_012,2024-02-17,Gudivada Vegetable Market,700.0,13.8,12.5,Medium
CF0938,CF0938.jpg,FARM_006,2024-03-11,Kurnool APMC Market (C-Camp),390.2,11.4,8.7,Small
CF0939,CF0939.jpg,FARM_034,2024-01-19,Amadalavalasa Vegetable Market,1807.4,22.2,16.1,Large
CF0940,CF0940.jpg,FARM_024,2024-02-25,Bhimavaram APMC Market,1113.7,16.3,14.2,Medium
CF0941,CF0941.jpg,FARM_005,2024-02-11,Bobbili Vegetable Market,570.0,11.3,11.2,Small
CF0942,CF0942.jpg,FARM_034,2024-02-10,Anantapur APMC Mandi,802.3,13.9,13.5,Medium
CF0943,CF0943.jpg,FARM_035,2024-03-13,Dharmavaram Vegetable Market,486.4,13.4,9.3,Small
CF0944,CF0944.jpg,FARM_033,2024-02-04,Hindupur APMC Market,1453.2,19.0,16.0,Large
CF0945,CF0945.jpg,FARM_033,2024-03-08,Amadalavalasa Vegetable Market,1721.7,21.2,17.6,Large
CF0946,CF0946.jpg,FARM_036,2024-01-23,Gudur Vegetable Market,475.0,12.9,8.3,Small
CF0947,CF0947.jpg,FARM_002,2024-01-27,Vijayawada Gollapudi APMC (NTR / Krishna),1868.9,22.4,16.7,Large
CF0948,CF0948.jpg,FARM_025,2024-02-17,Srikakulam APMC Market Yard,1277.4,15.4,15.3,Medium
CF0949,CF0949.jpg,FARM_031,2024-01-10,Jangareddygudem Market,533.1,12.0,11.6,Small
CF0950,CF0950.jpg,FARM_003,2024-02-29,Amalapuram APMC Yard,1113.3,15.6,14.2,Medium
CF0951,CF0951.jpg,FARM_025,2024-02-21,Visakhapatnam MVP Rythu Bazar (Visakhapatnam),730.6,13.5,13.9,Medium
CF0952,CF0952.jpg,FARM_024,2024-02-27,Vijayawada Swaraj Maidan Rythu Bazar,505.5,11.6,8.9,Small
CF0953,CF0953.jpg,FARM_017,2024-02-21,Srikalahasti APMC Market,1925.6,20.1,17.9,Large
CF0954,CF0954.jpg,FARM_002,2024-03-06,Dharmavaram Vegetable Market,632.7,12.3,11.0,Small
CF0955,CF0955.jpg,FARM_023,2024-02-21,Vijayawada Swaraj Maidan Rythu Bazar,826.8,18.4,11.0,Medium
CF0956,CF0956.jpg,FARM_005,2024-03-05,Kadiri Vegetable Market,942.8,16.3,14.5,Medium
CF0957,CF0957.jpg,FARM_023,2024-01-27,Narasaraopet APMC Market,848.2,15.3,14.5,Medium
CF0958,CF0958.jpg,FARM_016,2024-02-17,Anantapur APMC Mandi,695.0,13.4,10.9,Small
CF0959,CF0959.jpg,FARM_007,2024-02-20,Machilipatnam APMC Market,945.7,15.4,13.3,Medium
CF0960,CF0960.jpg,FARM_038,2024-02-04,Madanapalle Mandi (Annamayya / Chittoor),1925.6,21.9,16.7,Large
CF0961,CF0961.jpg,FARM_022,2024-03-11,Parvathipuram APMC Market,521.5,9.8,11.2,Small
CF0962,CF0962.jpg,FARM_009,2024-02-19,Bhimavaram APMC Market,2014.8,19.6,18.5,Large
CF0963,CF0963.jpg,FARM_003,2024-02-01,Adoni Vegetable APMC,1997.9,23.0,19.2,Large
CF0964,CF0964.jpg,FARM_023,2024-02-29,Vijayawada Gollapudi APMC (NTR / Krishna),638.6,12.5,11.1,Small
CF0965,CF0965.jpg,FARM_035,2024-02-19,Chittoor Town APMC Market,989.0,15.9,13.2,Medium
CF0966,CF0966.jpg,FARM_022,2024-02-16,Palamaner Vegetable Mandi,1147.1,16.9,13.1,Medium
CF0967,CF0967.jpg,FARM_012,2024-03-12,Tadepalligudem Vegetable Market,952.9,13.5,13.6,Medium
CF0968,CF0968.jpg,FARM_030,2024-03-23,Vijayawada Swaraj Maidan Rythu Bazar,528.4,12.6,9.2,Small
CF0969,CF0969.jpg,FARM_031,2024-02-10,Bobbili Vegetable Market,586.3,12.7,10.3,Small
CF0970,CF0970.jpg,FARM_012,2024-02-20,Adoni Vegetable APMC,426.8,8.8,11.0,Small
CF0971,CF0971.jpg,FARM_009,2024-02-27,Araku Valley Horticulture Hub (ASR District),896.5,16.4,12.1,Medium
CF0972,CF0972.jpg,FARM_005,2024-02-14,Rajahmundry APMC (East Godavari),558.8,12.3,9.8,Small
CF0973,CF0973.jpg,FARM_030,2024-02-29,Srikalahasti APMC Market,1037.9,16.3,13.6,Medium
CF0974,CF0974.jpg,FARM_003,2024-02-25,Madanapalle Mandi (Annamayya / Chittoor),514.1,10.9,10.1,Small
CF0975,CF0975.jpg,FARM_019,2024-01-24,Eluru APMC Market,490.8,11.6,9.4,Small
CF0976,CF0976.jpg,FARM_013,2024-03-22,Vijayawada Swaraj Maidan Rythu Bazar,1067.3,14.1,14.9,Medium
CF0977,CF0977.jpg,FARM_003,2024-02-04,Gudur Vegetable Market,1015.2,14.5,14.8,Medium
CF0978,CF0978.jpg,FARM_013,2024-03-25,Gudur Vegetable Market,1588.8,21.6,16.0,Large
CF0979,CF0979.jpg,FARM_003,2024-03-19,Markapur Vegetable Mandi,2400.0,23.8,19.1,Large
CF0980,CF0980.jpg,FARM_021,2024-02-02,Guntur APMC Market (Guntur),563.2,12.1,10.6,Small
CF0981,CF0981.jpg,FARM_020,2024-03-20,Anantapur APMC Mandi,905.4,16.3,13.9,Medium
CF0982,CF0982.jpg,FARM_033,2024-01-13,Palamaner Vegetable Mandi,1002.2,16.4,13.4,Medium
CF0983,CF0983.jpg,FARM_026,2024-03-09,Proddatur Vegetable Market,1859.4,20.3,17.0,Large
CF0984,CF0984.jpg,FARM_035,2024-02-05,Gudur Vegetable Market,440.9,11.5,8.8,Small
CF0985,CF0985.jpg,FARM_031,2024-03-06,Kurnool APMC Market (C-Camp),1094.0,18.1,14.6,Medium
CF0986,CF0986.jpg,FARM_017,2024-02-16,Kuppam Horticulture Mandi,1427.3,19.2,16.2,Large
CF0987,CF0987.jpg,FARM_003,2024-01-18,Bapatla APMC Market,1041.7,16.4,13.8,Medium
CF0988,CF0988.jpg,FARM_013,2024-03-02,Rajahmundry APMC (East Godavari),598.3,11.8,10.0,Small
CF0989,CF0989.jpg,FARM_019,2024-03-13,Kuppam Horticulture Mandi,872.5,14.7,13.3,Medium
CF0990,CF0990.jpg,FARM_023,2024-01-27,Eluru APMC Market,1446.0,19.6,16.0,Large
CF0991,CF0991.jpg,FARM_004,2024-02-17,Araku Valley Horticulture Hub (ASR District),552.5,13.1,8.7,Small
CF0992,CF0992.jpg,FARM_022,2024-02-09,Vizianagaram APMC Market,1271.0,17.6,15.2,Medium
CF0993,CF0993.jpg,FARM_018,2024-02-11,Palamaner Vegetable Mandi,2400.0,22.6,19.1,Large
CF0994,CF0994.jpg,FARM_008,2024-01-29,Nandyal APMC Market,476.3,10.7,10.1,Small
CF0995,CF0995.jpg,FARM_024,2024-03-04,Nandyal APMC Market,734.3,13.6,11.7,Medium
CF0996,CF0996.jpg,FARM_028,2024-02-27,Eluru APMC Market,586.2,12.2,9.9,Small
CF0997,CF0997.jpg,FARM_026,2024-01-19,Machilipatnam APMC Market,1081.2,14.7,15.0,Medium
CF0998,CF0998.jpg,FARM_029,2024-03-07,Tirupati RC Road Rythu Bazar,975.6,15.6,14.3,Medium
CF0999,CF0999.jpg,FARM_025,2024-03-11,Kadapa APMC Mandi,989.4,18.3,12.1,Medium
CF1000,CF1000.jpg,FARM_022,2024-03-24,Kurnool APMC Market (C-Camp),1660.8,20.1,16.6,Large
